fecha,tmax,tmin,humedad,precipitacion
2018-09-18,20.4,11.4,91.3,0.0
2018-09-19,20.2,11.2,90.94999999999999,0.0
2018-09-20,20.6,11.0,90.6,0.0
2018-09-21,20.0,11.4,90.94285714285714,0.0
2018-09-22,19.8,11.2,91.28571428571428,0.0
2018-09-23,20.0,11.8,91.62857142857142,0.0
2018-09-24,20.2,11.2,91.97142857142858,0.0
2018-09-25,20.0,11.4,92.31428571428572,0.0
2018-09-26,20.2,11.6,92.65714285714286,0.0
2018-09-27,20.4,11.8,93.0,0.0
2018-09-28,20.0,11.6,91.8,0.0
2018-09-29,20.2,11.8,94.2,0.0
2018-09-30,19.8,11.6,94.8,0.0
2018-10-01,19.8,11.6,97.4,0.0
2018-10-02,19.8,11.2,96.7,0.0
2018-10-03,19.8,11.4,98.0,0.0
2018-10-04,20.4,11.6,96.1,0.0
2018-10-05,20.8,11.4,96.2,0.1
2018-10-06,20.6,11.4,95.6,0.1
2018-10-07,20.6,11.4,96.4,0.1
2018-10-08,20.0,11.6,90.3,0.0
2018-10-09,20.2,11.8,94.4,0.0
2018-10-10,21.8,11.2,95.0,0.0
2018-10-11,20.6,11.2,96.2,0.0
2018-10-12,20.2,11.4,94.3,0.1
2018-10-13,20.4,11.6,97.4,0.1
2018-10-14,20.6,11.6,96.7,0.1
2018-10-15,20.6,11.8,96.8,0.0
2018-10-16,20.6,11.6,95.5,0.0
2018-10-17,20.4,11.4,95.4,0.0
2018-10-18,20.6,11.2,93.1,0.0
2018-10-19,20.0,11.4,93.6,0.0
2018-10-20,20.0,11.8,96.1,0.0
2018-10-21,20.0,11.6,96.1,0.0
2018-10-22,20.2,11.6,96.1,0.0
2018-10-23,19.8,12.0,91.3,0.0
2018-10-24,20.2,12.4,93.6,0.0
2018-10-25,20.0,11.6,97.4,0.0
2018-10-26,20.0,11.8,91.2,0.0
2018-10-27,19.8,11.4,93.1,0.0
2018-10-28,19.8,11.6,93.1,0.0
2018-10-29,20.0,11.8,92.1,0.0
2018-10-30,20.0,11.6,92.6,0.0
2018-10-31,19.8,11.6,93.7,0.0
2018-11-01,19.8,11.8,95.6,0.0
2018-11-02,20.8,12.0,91.4,0.0
2018-11-03,21.0,11.8,92.7,0.0
2018-11-04,21.0,12.0,94.9,0.0
2018-11-05,22.0,11.8,96.3,0.0
2018-11-06,22.0,12.0,95.0,0.0
2018-11-07,21.0,12.2,89.5,0.0
2018-11-08,21.2,11.6,83.9,0.0
2018-11-09,21.4,11.8,80.6,0.0
2018-11-10,22.0,12.0,81.6,0.0
2018-11-11,22.0,12.4,77.5,0.0
2018-11-12,21.8,12.4,85.1,0.0
2018-11-13,21.8,12.6,94.8,0.0
2018-11-14,21.4,11.8,88.1,0.0
2018-11-15,21.8,11.8,81.9,0.0
2018-11-16,21.0,11.8,85.6,0.0
2018-11-17,22.0,12.0,81.1,0.0
2018-11-18,23.0,12.0,81.9,0.0
2018-11-19,21.4,11.4,79.3,0.0
2018-11-20,21.4,11.8,84.6,0.0
2018-11-21,21.8,11.2,85.8,0.0
2018-11-22,22.6,11.6,88.4,0.0
2018-11-23,23.6,11.8,88.5,0.0
2018-11-24,22.2,11.6,89.9,0.0
2018-11-25,22.6,11.8,92.0,0.0
2018-11-26,26.2,11.8,87.8,0.0
2018-11-27,23.0,11.8,87.9,0.0
2018-11-28,22.0,11.8,84.3,0.0
2018-11-29,22.0,11.6,86.6,0.0
2018-11-30,22.6,11.6,87.8,0.0
2018-12-01,22.8,11.4,85.0,0.0
2018-12-02,22.2,12.4,86.0,0.0
2018-12-03,22.6,12.4,86.2,0.0
2018-12-04,22.8,10.8,87.8,0.0
2018-12-05,24.8,11.0,83.7,0.0
2018-12-06,23.2,11.2,87.8,0.0
2018-12-07,22.6,12.4,86.3,0.0
2018-12-08,21.4,12.0,90.4,0.0
2018-12-09,22.2,12.6,85.4,0.0
2018-12-10,22.2,12.2,86.0,0.0
2018-12-11,22.4,13.0,87.5,0.0
2018-12-12,22.2,16.0,88.7,0.0
2018-12-13,22.4,16.0,87.7,0.0
2018-12-14,22.6,16.4,89.4,0.0
2018-12-15,22.6,16.6,86.9,0.0
2018-12-16,22.8,17.0,89.8,0.0
2018-12-17,22.4,16.8,90.2,0.0
2018-12-18,23.0,16.8,91.8,0.0
2018-12-19,23.0,16.8,91.9,0.0
2018-12-20,26.4,17.0,87.8,0.0
2018-12-21,23.6,17.0,89.8,0.0
2018-12-22,23.4,17.0,84.3,0.0
2018-12-23,22.8,17.0,89.1,0.0
2018-12-24,23.6,17.2,86.5,0.0
2018-12-25,23.8,17.0,89.0,0.0
2018-12-26,24.0,16.8,87.1,0.0
2018-12-27,24.2,17.2,88.4,0.0
2018-12-28,23.8,17.2,87.3,0.0
2018-12-29,25.0,17.6,87.2,0.0
2018-12-30,24.6,17.0,88.7,0.0
2018-12-31,24.4,18.0,88.3,0.1
2019-01-01,24.8,17.8,91.1,0.1
2019-01-02,24.0,18.0,88.5,0.0
2019-01-03,24.8,18.0,89.0,0.0
2019-01-04,24.8,19.0,85.9,0.0
2019-01-05,24.0,19.8,88.3,0.0
2019-01-06,24.4,18.2,87.5,0.0
2019-01-07,25.8,18.0,86.1,0.0
2019-01-08,24.6,18.0,83.7,0.0
2019-01-09,24.2,16.8,87.5,0.0
2019-01-10,24.0,19.2,88.2,0.0
2019-01-11,24.8,19.2,87.5,0.0
2019-01-12,24.8,19.2,88.2,0.0
2019-01-13,24.8,19.6,88.2,0.0
2019-01-14,24.6,19.0,86.5,0.0
2019-01-15,24.2,19.0,91.8,0.0
2019-01-16,24.4,18.8,91.3,0.0
2019-01-17,24.0,18.2,88.2,0.1
2019-01-18,23.0,18.2,88.0,0.1
2019-01-19,24.2,18.2,87.2,0.0
2019-01-20,24.0,18.4,87.2,0.0
2019-01-21,24.0,19.0,88.8,0.0
2019-01-22,25.0,19.0,88.8,0.0
2019-01-23,25.2,19.4,85.0,0.0
2019-01-24,25.0,19.8,86.9,0.0
2019-01-25,25.2,19.8,91.5,0.0
2019-01-26,24.0,19.6,87.3,0.0
2019-01-27,25.0,19.4,87.3,0.0
2019-01-28,25.2,19.4,92.7,0.0
2019-01-29,26.0,21.2,88.3,0.0
2019-01-30,26.4,21.2,90.7,0.0
2019-01-31,27.6,20.8,87.9,0.0
2019-02-01,29.0,20.6,89.6,0.0
2019-02-02,28.0,20.2,90.8,0.0
2019-02-03,28.0,20.6,86.5,0.0
2019-02-04,27.8,21.6,86.3,0.0
2019-02-05,27.6,20.4,90.8,0.0
2019-02-06,27.2,20.0,85.1,0.0
2019-02-07,27.0,21.8,88.8,0.0
2019-02-08,27.2,21.2,83.7,0.0
2019-02-09,28.0,21.8,85.2,0.0
2019-02-10,27.8,22.2,84.5,0.0
2019-02-11,27.0,20.8,87.8,0.0
2019-02-12,26.8,20.2,91.8,0.0
2019-02-13,26.6,19.2,88.5,0.0
2019-02-14,27.0,19.0,88.2,0.0
2019-02-15,26.6,18.8,87.5,0.1
2019-02-16,26.4,19.2,87.7,0.0
2019-02-17,26.6,18.0,84.7,0.0
2019-02-18,26.8,18.2,85.9,0.0
2019-02-19,26.8,18.2,87.1,0.0
2019-02-20,26.8,18.4,87.7,0.0
2019-02-21,27.6,20.0,86.8,0.0
2019-02-22,27.6,19.8,88.6,0.0
2019-02-23,29.0,19.2,87.5,0.0
2019-02-24,28.4,18.4,82.2,0.0
2019-02-25,29.0,19.2,86.3,0.0
2019-02-26,29.2,19.2,87.1,0.0
2019-02-27,29.0,19.2,83.9,0.0
2019-02-28,29.4,19.6,84.0,0.0
2019-03-01,29.4,19.4,82.7,0.0
2019-03-02,29.2,19.4,87.0,0.0
2019-03-03,29.2,19.4,85.8,0.0
2019-03-04,29.2,18.6,86.4,0.0
2019-03-05,29.4,18.4,82.9,0.0
2019-03-06,29.2,18.4,84.8,0.0
2019-03-07,29.4,18.4,84.8,0.0
2019-03-08,30.2,18.6,87.0,0.0
2019-03-09,30.0,18.6,86.6,0.1
2019-03-10,28.4,18.6,86.4,0.0
2019-03-11,29.0,18.6,87.7,0.0
2019-03-12,29.0,18.8,86.9,0.0
2019-03-13,28.8,18.6,90.1,0.0
2019-03-14,27.8,18.6,89.5,0.0
2019-03-15,28.8,18.2,86.9,0.1
2019-03-16,27.4,17.8,89.4,0.0
2019-03-17,27.8,18.0,84.3,0.0
2019-03-18,28.0,17.8,89.5,0.0
2019-03-19,26.4,17.8,84.5,0.0
2019-03-20,26.4,17.0,89.0,0.0
2019-03-21,26.4,17.2,90.5,0.0
2019-03-22,26.8,17.4,86.6,0.0
2019-03-23,26.4,16.6,88.8,0.0
2019-03-24,26.2,17.0,87.4,0.0
2019-03-25,26.2,17.2,84.5,0.0
2019-03-26,28.8,17.2,91.0,0.0
2019-03-27,27.4,17.4,88.4,0.0
2019-03-28,27.4,17.4,92.7,0.1
2019-03-29,26.8,17.4,90.4,0.0
2019-03-30,26.8,17.6,92.8,0.0
2019-03-31,26.6,17.8,89.8,0.0
2019-04-01,26.8,16.8,92.4,0.0
2019-04-02,26.8,17.0,94.7,0.0
2019-04-03,27.0,17.2,92.9,0.0
2019-04-04,25.8,18.8,90.5,0.0
2019-04-05,26.0,18.6,86.5,0.0
2019-04-06,25.8,18.0,89.4,0.0
2019-04-07,25.6,18.0,87.6,0.0
2019-04-08,26.0,17.0,92.1,0.0
2019-04-09,25.6,16.8,93.2,0.0
2019-04-10,24.8,16.2,89.0,0.0
2019-04-11,24.8,16.8,93.4,0.0
2019-04-12,24.8,16.8,92.5,0.0
2019-04-13,24.6,16.6,92.7,0.0
2019-04-14,24.8,16.6,92.6,0.0
2019-04-15,25.0,16.6,90.3,0.0
2019-04-16,23.8,16.6,92.1,0.0
2019-04-17,23.4,16.6,93.9,0.0
2019-04-18,23.6,16.6,92.7,0.0
2019-04-19,23.6,16.8,93.7,0.0
2019-04-20,24.0,16.4,93.8,0.0
2019-04-21,24.4,16.6,92.6,0.0
2019-04-22,24.8,16.6,92.6,0.0
2019-04-23,24.4,16.8,92.7,0.0
2019-04-24,23.8,17.2,94.0,0.0
2019-04-25,23.8,17.2,95.1,0.0
2019-04-26,24.0,17.0,95.0,0.0
2019-04-27,23.6,16.4,94.3,0.0
2019-04-28,23.8,16.2,94.9,0.0
2019-04-29,23.6,15.6,90.0,0.0
2019-04-30,23.0,16.2,93.1,0.0
2019-05-01,22.8,15.8,93.7,0.0
2019-05-02,23.2,16.2,93.8,0.0
2019-05-03,22.8,15.4,91.9,0.0
2019-05-04,22.6,15.8,91.5,0.0
2019-05-05,21.6,16.6,93.8,0.0
2019-05-06,25.2,17.0,93.2,0.0
2019-05-07,25.4,16.8,89.8,0.0
2019-05-08,25.0,16.8,91.1,0.0
2019-05-09,23.4,17.0,91.9,0.0
2019-05-10,23.4,17.0,93.7,0.0
2019-05-11,22.4,16.8,93.7,0.0
2019-05-12,22.6,16.6,93.0,0.0
2019-05-13,22.6,15.6,94.2,0.0
2019-05-14,22.2,16.4,95.5,0.0
2019-05-15,23.8,15.8,94.3,0.0
2019-05-16,25.2,15.8,93.0,0.0
2019-05-17,25.2,16.4,89.5,0.0
2019-05-18,24.0,15.4,92.5,0.0
2019-05-19,24.2,16.2,89.9,0.0
2019-05-20,23.8,16.0,91.8,0.0
2019-05-21,23.6,16.0,96.1,0.0
2019-05-22,23.8,15.8,94.8,0.0
2019-05-23,23.6,16.0,93.5,0.0
2019-05-24,23.6,15.0,94.9,0.0
2019-05-25,23.4,15.4,93.8,0.0
2019-05-26,23.6,16.2,90.7,0.0
2019-05-27,23.6,14.4,94.2,0.0
2019-05-28,23.4,14.8,94.9,0.0
2019-05-29,23.4,14.8,94.5,0.0
2019-05-30,23.4,14.8,93.6,0.0
2019-05-31,23.6,14.6,93.0,0.0
2019-06-01,23.4,14.4,93.7,0.0
2019-06-02,23.0,14.8,91.6,0.0
2019-06-03,23.2,15.0,94.2,0.0
2019-06-04,23.0,15.2,94.3,0.0
2019-06-05,23.0,16.0,92.2,0.0
2019-06-06,23.0,15.6,91.0,0.0
2019-06-07,23.2,15.4,89.6,0.0
2019-06-08,22.8,14.6,94.8,0.0
2019-06-09,23.2,14.0,91.6,0.0
2019-06-10,23.2,14.0,90.3,0.1
2019-06-11,23.4,14.6,92.3,0.0
2019-06-12,23.6,15.8,88.3,0.0
2019-06-13,23.4,15.0,89.1,0.0
2019-06-14,20.6,15.2,90.8,0.0
2019-06-15,20.6,15.6,91.4,0.0
2019-06-16,20.6,15.0,91.4,0.0
2019-06-17,20.6,15.0,89.4,0.0
2019-06-18,20.4,15.2,89.9,0.0
2019-06-19,20.4,13.8,86.5,0.0
2019-06-20,20.6,15.4,89.6,0.0
2019-06-21,19.2,14.4,88.8,0.0
2019-06-22,19.4,14.6,85.4,0.0
2019-06-23,19.2,14.6,85.8,0.0
2019-06-24,19.6,14.8,76.8,0.0
2019-06-25,19.2,13.6,85.6,0.0
2019-06-26,19.8,14.4,81.4,0.0
2019-06-27,19.8,14.8,83.4,0.0
2019-06-28,19.8,15.0,87.8,0.1
2019-06-29,19.4,15.2,93.3,0.1
2019-06-30,19.6,15.0,91.9,0.0
2019-07-01,19.4,14.8,93.2,0.0
2019-07-02,19.8,15.0,95.3,0.0
2019-07-03,19.6,14.6,93.1,0.1
2019-07-04,19.8,14.4,87.1,0.0
2019-07-05,19.6,15.4,86.4,0.0
2019-07-06,19.6,15.6,85.9,0.0
2019-07-07,19.4,15.6,85.2,0.0
2019-07-08,19.2,15.4,90.3,0.0
2019-07-09,19.2,15.0,86.5,0.0
2019-07-10,19.0,15.4,88.3,0.0
2019-07-11,19.2,15.4,86.3,0.0
2019-07-12,19.0,14.6,86.3,0.0
2019-07-13,18.4,15.0,88.1,0.0
2019-07-14,18.2,15.6,84.9,0.0
2019-07-15,18.2,15.4,85.0,0.0
2019-07-16,16.8,13.4,85.5,0.0
2019-07-17,16.8,13.8,86.8,0.0
2019-07-18,16.8,14.2,84.8,0.0
2019-07-19,15.8,14.8,87.8,0.0
2019-07-20,16.4,14.4,86.1,0.0
2019-07-21,16.6,14.0,86.7,0.0
2019-07-22,16.6,14.6,85.5,0.0
2019-07-23,16.2,14.6,88.6,0.0
2019-07-24,15.2,13.8,89.7,0.1
2019-07-25,16.2,14.2,85.8,0.0
2019-07-26,16.2,14.2,83.3,0.0
2019-07-27,16.2,13.6,86.3,0.0
2019-07-28,16.0,12.8,91.8,0.0
2019-07-29,16.4,13.4,87.0,0.0
2019-07-30,16.0,13.6,86.3,0.0
2019-07-31,16.6,11.2,83.7,0.0
2019-08-01,17.2,12.8,85.8,0.0
2019-08-02,17.0,14.0,87.8,0.0
2019-08-03,16.8,12.4,87.8,0.0
2019-08-04,16.8,11.8,88.4,0.1
2019-08-05,16.8,11.8,89.9,0.1
2019-08-06,16.2,12.0,89.4,0.0
2019-08-07,16.2,14.0,89.2,0.0
2019-08-08,16.8,14.4,87.8,0.0
2019-08-09,16.6,14.0,87.7,0.0
2019-08-10,16.6,13.6,90.3,0.0
2019-08-11,16.6,13.8,88.0,0.0
2019-08-12,16.6,13.6,89.0,0.0
2019-08-13,16.4,12.4,86.6,0.0
2019-08-14,16.6,13.6,86.5,0.0
2019-08-15,16.6,13.8,90.5,0.1
2019-08-16,17.0,14.0,90.5,0.0
2019-08-17,17.6,14.2,87.5,0.0
2019-08-18,17.4,14.2,88.6,0.0
2019-08-19,17.2,13.4,85.2,0.0
2019-08-20,17.2,12.0,87.1,0.0
2019-08-21,17.2,13.6,88.5,0.0
2019-08-22,17.4,13.8,85.8,0.0
2019-08-23,17.4,12.0,89.9,0.0
2019-08-24,15.8,13.2,85.8,0.0
2019-08-25,16.6,13.4,87.2,0.0
2019-08-26,16.2,14.0,91.1,0.0
2019-08-27,17.2,13.8,86.8,0.0
2019-08-28,17.6,13.6,82.9,0.0
2019-08-29,18.0,14.4,87.0,0.0
2019-08-30,18.0,14.8,87.4,0.0
2019-08-31,18.0,14.6,88.1,0.0
2019-09-01,17.8,14.6,87.4,0.0
2019-09-02,17.4,14.8,88.8,0.0
2019-09-03,17.8,14.4,91.3,0.0
2019-09-04,18.0,14.2,89.5,0.0
2019-09-05,18.2,14.8,90.9,0.0
2019-09-06,18.0,15.0,91.4,0.0
2019-09-07,18.0,14.8,91.4,0.1
2019-09-08,18.0,14.0,93.3,0.0
2019-09-09,18.0,14.2,93.8,0.0
2019-09-10,18.0,14.0,91.1,0.0
2019-09-11,17.8,13.8,92.4,0.1
2019-09-12,18.0,13.8,91.0,0.0
2019-09-13,17.8,13.8,92.5,0.0
2019-09-14,17.4,14.0,88.8,0.0
2019-09-15,17.6,14.0,93.1,0.1
2019-09-16,17.4,14.2,91.8,0.0
2019-09-17,17.4,13.8,90.4,0.0
2019-09-18,17.4,13.8,92.4,0.0
2019-09-19,17.8,13.6,87.5,0.0
2019-09-20,17.8,14.2,89.2,0.0
2019-09-21,17.8,14.0,89.8,0.0
2019-09-22,17.8,14.2,87.0,0.0
2019-09-23,18.2,14.6,91.4,0.0
2019-09-24,18.2,14.8,87.6,0.0
2019-09-25,18.4,14.0,86.5,0.0
2019-09-26,18.4,14.4,90.1,0.0
2019-09-27,18.4,15.8,86.5,0.0
2019-09-28,19.4,14.4,88.5,0.0
2019-09-29,19.8,15.6,84.8,0.0
2019-09-30,19.8,15.4,86.9,0.0
2019-10-01,18.4,15.6,87.9,0.0
2019-10-02,18.2,15.8,85.9,0.0
2019-10-03,18.2,15.6,88.4,0.0
2019-10-04,18.0,15.2,89.4,0.0
2019-10-05,18.2,14.8,88.6,0.0
2019-10-06,18.2,14.2,88.6,0.0
2019-10-07,18.2,14.0,86.0,0.0
2019-10-08,18.2,12.6,86.7,0.0
2019-10-09,18.2,13.8,86.8,0.0
2019-10-10,19.2,14.4,86.0,0.0
2019-10-11,20.8,15.6,77.4,0.0
2019-10-12,22.6,16.4,74.9,0.0
2019-10-13,21.6,15.2,82.1,0.0
2019-10-14,21.6,15.6,87.2,0.0
2019-10-15,22.8,15.8,85.9,0.0
2019-10-16,22.4,14.8,87.5,0.0
2019-10-17,21.8,15.2,88.3,0.0
2019-10-18,20.4,14.6,88.3,0.0
2019-10-19,20.2,14.2,89.0,0.0
2019-10-20,20.2,14.6,90.8,0.0
2019-10-21,20.0,14.4,88.1,0.0
2019-10-22,20.2,14.0,87.8,0.0
2019-10-23,22.2,14.2,85.2,0.0
2019-10-24,22.6,13.8,86.5,0.0
2019-10-25,22.2,13.2,86.0,0.0
2019-10-26,22.2,14.6,83.0,0.0
2019-10-27,22.0,14.2,84.8,0.0
2019-10-28,21.9,14.8,86.6,0.0
2019-10-29,20.6,14.0,88.5,0.0
2019-10-30,20.6,14.8,85.3,0.0
2019-10-31,21.4,14.4,86.8,0.0
2019-11-01,21.2,14.6,87.4,0.0
2019-11-02,21.6,14.4,87.0,0.0
2019-11-03,23.2,15.2,90.3,0.1
2019-11-04,20.4,15.2,93.4,0.0
2019-11-05,20.0,15.4,85.0,0.0
2019-11-06,21.6,15.6,86.7,0.0
2019-11-07,23.6,15.0,89.2,0.0
2019-11-08,23.8,15.2,87.5,0.0
2019-11-09,23.8,15.2,83.0,0.0
2019-11-10,24.8,15.6,84.6,0.0
2019-11-11,24.6,16.2,88.8,0.0
2019-11-12,22.0,16.2,89.5,0.1
2019-11-13,21.8,16.2,94.3,0.0
2019-11-14,23.4,16.6,89.7,0.0
2019-11-15,23.6,16.0,92.7,0.0
2019-11-16,23.6,16.4,91.5,0.0
2019-11-17,23.2,16.8,92.2,0.0
2019-11-18,23.8,17.8,87.4,0.0
2019-11-19,23.6,16.8,90.0,0.0
2019-11-20,22.0,17.8,91.7,0.0
2019-11-21,24.0,18.4,90.1,0.0
2019-11-22,23.6,18.4,91.8,0.0
2019-11-23,23.6,18.4,91.3,0.0
2019-11-24,24.6,18.2,90.0,0.0
2019-11-25,24.0,16.6,91.0,0.0
2019-11-26,23.8,16.6,92.4,0.0
2019-11-27,23.8,15.8,89.3,0.0
2019-11-28,24.0,16.0,90.9,0.0
2019-11-29,21.4,16.4,92.0,0.0
2019-11-30,21.8,15.8,86.6,0.0
2019-12-01,21.8,15.8,92.2,0.0
2019-12-02,22.8,16.8,92.1,0.0
2019-12-03,22.0,16.8,89.2,0.0
2019-12-04,23.0,16.6,90.5,0.0
2019-12-05,23.2,16.2,87.3,0.0
2019-12-06,23.6,17.0,87.7,0.0
2019-12-07,23.8,17.0,88.0,0.0
2019-12-08,24.4,18.6,89.0,0.0
2019-12-09,24.6,18.0,88.4,0.0
2019-12-10,24.0,17.8,87.6,0.0
2019-12-11,24.2,17.6,88.5,0.0
2019-12-12,24.8,17.8,85.0,0.0
2019-12-13,25.0,17.8,82.2,0.0
2019-12-14,24.8,16.8,82.5,0.0
2019-12-15,25.0,16.4,82.7,0.0
2019-12-16,25.0,17.0,81.4,0.0
2019-12-17,25.8,17.2,81.8,0.0
2019-12-18,26.8,17.8,83.3,0.0
2019-12-19,26.8,18.4,81.6,0.0
2019-12-20,27.4,18.2,82.7,0.0
2019-12-21,27.2,16.8,81.0,0.0
2019-12-22,27.0,17.0,82.2,0.0
2019-12-23,26.8,17.2,83.5,0.0
2019-12-24,27.0,17.6,85.0,0.0
2019-12-25,26.8,17.4,88.4,0.0
2019-12-26,27.2,18.0,84.1,0.0
2019-12-27,27.6,18.2,84.1,0.0
2019-12-28,27.8,18.0,85.9,0.0
2019-12-29,27.1,18.2,88.4,0.0
2019-12-30,28.0,18.0,83.2,0.0
2019-12-31,29.6,19.0,83.3,0.0
2020-01-01,30.2,19.8,82.2,0.0
2020-01-02,30.4,19.8,86.9,0.0
2020-01-03,30.8,20.6,82.9,0.0
2020-01-04,30.0,18.8,84.7,0.0
2020-01-05,28.0,19.2,85.7,0.0
2020-01-06,28.2,19.2,87.5,0.0
2020-01-07,25.2,19.2,85.1,0.0
2020-01-08,29.6,18.8,84.0,0.0
2020-01-09,29.6,19.8,82.4,0.0
2020-01-10,29.4,17.8,82.7,0.0
2020-01-11,29.2,17.2,83.2,0.0
2020-01-12,26.4,17.2,86.2,0.1
2020-01-13,26.0,17.4,84.2,0.1
2020-01-14,25.4,17.0,87.1,0.1
2020-01-15,26.4,17.4,85.9,0.0
2020-01-16,26.0,18.4,85.5,0.0
2020-01-17,26.4,17.8,87.8,0.0
2020-01-18,27.8,19.6,86.4,0.6
2020-01-19,27.8,19.2,95.3,1.3
2020-01-20,27.8,19.4,91.8,1.0
2020-01-21,27.6,20.6,94.0,0.9
2020-01-22,27.8,20.8,95.9,0.6
2020-01-23,27.8,19.6,91.8,0.1
2020-01-24,28.0,19.8,89.9,0.0
2020-01-25,28.0,20.0,86.1,0.0
2020-01-26,26.8,19.8,88.6,0.1
2020-01-27,26.8,20.4,90.4,0.3
2020-01-28,26.6,21.8,89.7,0.1
2020-01-29,27.0,20.4,87.4,0.0
2020-01-30,27.2,20.6,89.3,0.0
2020-01-31,26.8,19.8,87.9,0.0
2020-02-01,27.4,19.4,88.8,0.0
2020-02-02,27.0,19.2,86.1,0.0
2020-02-03,26.8,19.8,86.9,0.0
2020-02-04,27.0,18.8,85.3,0.0
2020-02-05,26.8,18.0,85.4,0.0
2020-02-06,26.6,19.0,84.2,0.0
2020-02-07,26.6,18.0,82.9,0.0
2020-02-08,26.8,17.8,86.7,0.0
2020-02-09,26.6,17.6,86.1,0.0
2020-02-10,26.8,17.4,86.1,0.0
2020-02-11,27.6,18.0,82.4,0.0
2020-02-12,27.8,18.0,83.6,0.0
2020-02-13,28.6,18.6,85.9,0.0
2020-02-14,27.4,18.4,88.9,0.0
2020-02-15,26.8,18.4,87.3,0.0
2020-02-16,26.6,19.6,85.9,0.0
2020-02-17,26.4,19.8,89.5,0.0
2020-02-18,26.2,18.6,89.2,0.0
2020-02-19,26.4,19.0,91.2,0.0
2020-02-20,26.6,19.6,92.4,0.0
2020-02-21,26.6,19.4,87.7,0.0
2020-02-22,26.6,19.4,88.0,0.1
2020-02-23,25.8,20.0,87.4,0.0
2020-02-24,26.6,20.0,89.2,0.0
2020-02-25,26.0,20.0,87.8,0.1
2020-02-26,26.6,21.2,85.7,0.1
2020-02-27,26.4,19.4,86.6,0.0
2020-02-28,26.2,19.0,89.2,0.0
2020-02-29,25.8,18.6,88.5,0.0
2020-03-01,26.0,18.8,90.0,0.0
2020-03-02,26.2,19.0,87.4,0.0
2020-03-03,25.4,20.2,87.5,0.0
2020-03-04,25.2,20.2,88.9,0.0
2020-03-05,24.4,18.4,86.0,0.0
2020-03-06,24.2,18.8,90.8,0.0
2020-03-07,25.6,18.8,87.8,0.0
2020-03-08,25.8,19.2,89.7,0.0
2020-03-09,26.0,20.0,87.8,0.0
2020-03-10,26.0,19.4,86.0,0.0
2020-03-11,25.8,19.8,86.5,0.0
2020-03-12,26.0,18.2,87.55,0.1
2020-03-13,26.2,18.6,88.6,0.0
2020-03-14,26.0,18.8,88.3,0.1
2020-03-15,25.6,18.6,90.5,0.0
2020-03-16,25.8,19.6,88.6,0.0
2020-03-31,25.632478632478634,19.073504273504273,87.9982905982906,0.0
2020-04-01,25.54871794871795,19.01025641025641,87.99743589743589,0.0
2020-04-02,25.464957264957267,18.947008547008547,87.9965811965812,0.0
2020-04-03,25.381196581196583,18.883760683760684,87.9957264957265,0.0
2020-04-04,25.297435897435896,18.82051282051282,87.9948717948718,0.0
2020-04-05,25.213675213675213,18.757264957264958,87.9940170940171,0.0
2020-04-06,25.12991452991453,18.694017094017095,87.9931623931624,0.0
2020-04-07,25.046153846153846,18.63076923076923,87.99230769230769,0.0
2020-04-08,24.962393162393163,18.567521367521366,87.99145299145299,0.0
2020-04-09,24.87863247863248,18.504273504273502,87.99059829059829,0.0
2020-04-10,24.794871794871796,18.44102564102564,87.9897435897436,0.0
2020-04-11,24.711111111111112,18.377777777777776,87.9888888888889,0.0
2020-04-12,24.62735042735043,18.314529914529913,87.98803418803419,0.0
2020-04-13,24.543589743589745,18.25128205128205,87.98717948717949,0.0
2020-04-14,24.45982905982906,18.188034188034187,87.98632478632479,0.0
2020-04-15,24.37606837606838,18.124786324786324,87.98547008547008,0.0
2020-04-16,24.29230769230769,18.06153846153846,87.98461538461538,0.0
2020-04-17,24.208547008547008,17.9982905982906,87.98376068376068,0.0
2020-07-24,16.0,11.8,87.9,0.0
2020-07-25,20.8,13.8,84.3,0.0
2020-07-26,23.0,13.2,77.4,0.0
2020-07-27,21.0,13.8,79.7,0.0
2020-07-28,23.2,13.0,83.7,0.0
2020-07-29,23.4,11.8,83.6,0.0
2020-07-30,23.4,12.6,84.3,0.0
2020-07-31,23.6,11.6,85.1,0.0
2020-08-01,23.6,12.2,84.6,0.0
2020-08-02,23.0,11.0,88.7,0.0
2020-08-03,22.0,11.8,85.3,0.0
2020-08-04,21.8,12.2,87.9,0.0
2020-08-05,17.4,11.6,85.3,0.0
2020-08-06,17.2,12.0,85.9,0.0
2020-08-07,17.4,12.6,84.1,0.0
2020-08-08,21.4,12.4,87.9,0.0
2020-08-09,17.8,13.0,86.0,0.0
2020-08-10,17.2,12.8,83.5,0.0
2020-08-11,17.4,11.6,84.2,0.0
2020-08-12,18.6,12.2,83.6,0.0
2020-08-13,18.4,13.0,85.4,0.0
2020-08-14,18.2,13.2,83.6,0.0
2020-08-15,17.8,13.4,86.1,0.0
2020-08-16,17.6,12.2,85.5,0.0
2020-08-17,17.8,12.2,82.2,0.0
2020-08-18,17.8,13.4,86.7,0.0
2020-08-19,17.0,10.2,86.6,0.0
2020-08-20,16.6,10.6,86.5,0.0
2020-08-21,16.6,11.0,86.6,0.0
2020-08-22,17.6,12.4,83.5,0.0
2020-08-23,18.4,12.6,86.9,0.0
2020-08-24,18.6,12.8,87.0,0.0
2020-08-25,18.6,13.0,87.6,0.0
2020-08-26,18.6,13.8,89.3,0.0
2020-08-27,18.4,13.2,90.4,0.0
2020-08-28,18.6,13.0,89.9,0.0
2020-08-29,16.2,13.0,91.7,0.0
2020-08-30,16.2,12.6,89.7,0.0
2020-08-31,17.4,12.8,85.3,0.0
2020-09-01,17.4,12.8,87.6,0.1
2020-09-02,15.2,12.8,90.2,0.0
2020-09-03,15.4,12.4,88.9,0.0
2020-09-04,15.8,12.2,88.3,0.0
2020-09-05,15.8,11.6,85.6,0.0
2020-09-06,15.8,12.0,84.3,0.0
2020-09-07,16.0,12.2,84.4,0.0
2020-09-08,16.4,11.2,87.7,0.0
2020-09-09,16.4,12.0,85.8,0.0
2020-09-10,16.2,11.6,83.8,0.0
2020-09-11,16.0,11.6,86.4,0.0
2020-09-12,17.2,11.8,86.5,0.0
2020-09-13,17.6,12.0,87.9,0.0
2020-09-14,17.8,12.0,87.4,0.0
2020-09-15,18.2,12.6,89.4,0.0
2020-09-16,18.2,13.0,89.9,0.0
2020-09-17,18.4,12.8,86.9,0.0
2020-09-18,18.2,12.4,87.4,0.0
2020-09-19,18.0,11.2,87.9,0.0
2020-09-20,18.4,11.6,85.4,0.0
2020-09-21,18.6,13.0,84.8,0.0
2020-09-22,18.6,13.2,84.3,0.0
2020-09-23,18.8,12.2,85.0,0.0
2020-09-24,18.2,12.6,85.1,0.0
2020-09-25,18.2,13.2,86.2,0.0
2020-09-26,17.8,11.8,87.4,0.0
2020-09-27,17.6,12.4,87.4,0.0
2020-09-28,17.6,11.8,88.9,0.0
2020-09-29,17.4,12.0,87.1,0.0
2020-09-30,18.2,12.4,88.8,0.1
2020-10-01,18.4,13.0,90.8,0.0
2020-10-02,18.6,13.2,90.0,0.0
2020-10-03,19.0,12.8,87.3,0.0
2020-10-04,18.0,12.8,89.1,0.1
2020-10-05,18.8,12.8,88.7,0.0
2020-10-06,18.0,12.4,85.8,0.0
2020-10-07,18.4,12.8,87.4,0.0
2020-10-08,18.6,13.0,88.7,0.0
2020-10-09,19.8,12.6,89.1,0.0
2020-10-10,19.8,12.6,88.7,0.0
2020-10-11,19.6,13.0,88.9,0.0
2020-10-12,19.6,13.4,88.4,0.0
2020-10-13,19.8,14.2,87.6,0.0
2020-10-14,20.2,13.6,86.8,0.0
2020-10-15,19.8,13.8,91.0,0.0
2020-10-16,20.4,13.8,89.2,0.0
2020-10-17,20.4,13.6,89.1,0.0
2020-10-18,20.6,13.8,87.9,0.0
2020-10-19,19.6,13.6,86.6,0.0
2020-10-20,19.4,11.6,84.1,0.0
2020-10-21,19.4,11.8,85.4,0.0
2020-10-22,19.4,12.2,89.5,0.0
2020-10-23,19.6,12.4,89.0,0.0
2020-10-24,19.2,12.4,88.8,0.0
2020-10-25,19.4,12.8,85.4,0.0
2020-10-26,19.6,13.0,87.1,0.0
2020-10-27,18.6,13.4,88.5,0.0
2020-10-28,18.6,13.6,89.5,0.0
2020-10-29,19.4,12.8,87.1,0.0
2020-10-30,19.2,13.0,87.1,0.1
2020-10-31,19.2,13.4,89.6,0.0
2020-11-01,19.6,13.6,88.7,0.1
2020-11-02,19.8,13.6,92.9,0.1
2020-11-03,19.6,13.8,91.7,0.0
2020-11-04,19.8,13.4,88.8,0.0
2020-11-05,21.4,13.6,87.5,0.0
2020-11-06,21.6,14.0,85.7,0.0
2020-11-07,21.4,14.2,85.4,0.0
2020-11-08,19.0,14.4,88.0,0.0
2020-11-09,19.8,14.6,87.6,0.0
2020-11-10,20.4,14.2,87.1,0.0
2020-11-11,21.2,14.4,88.8,0.0
2020-11-12,21.4,14.6,85.4,0.0
2020-11-13,22.2,14.0,81.1,0.0
2020-11-14,22.2,14.2,86.4,0.0
2020-11-15,22.2,14.6,86.4,0.0
2020-11-16,22.4,14.6,84.2,0.0
2020-11-17,22.2,13.4,85.0,0.0
2020-11-18,21.0,13.4,86.8,0.0
2020-11-19,21.2,13.6,87.2,0.0
2020-11-20,20.6,13.6,85.0,0.0
2020-11-21,20.8,13.4,83.1,0.0
2020-11-22,20.8,14.0,83.0,0.0
2020-11-23,20.6,12.8,85.5,0.0
2020-11-24,21.0,13.0,83.5,0.0
2020-11-25,20.8,13.6,83.2,0.0
2020-11-26,21.4,13.2,85.3,0.0
2020-11-27,21.0,13.4,83.8,0.0
2020-11-28,21.6,13.8,82.9,0.0
2020-11-29,21.6,14.0,88.4,0.0
2020-11-30,21.4,14.2,85.2,0.0
2020-12-01,21.6,14.6,86.8,0.0
2020-12-02,22.4,14.6,84.1,0.0
2020-12-03,21.6,15.2,84.7,0.0
2020-12-04,21.8,15.4,84.5,0.0
2020-12-05,22.0,15.2,87.9,0.0
2020-12-06,21.8,15.2,85.7,0.0
2020-12-07,22.8,15.0,83.2,0.0
2020-12-08,23.0,15.2,82.4,0.0
2020-12-09,22.0,15.4,86.7,0.0
2020-12-10,22.4,14.8,86.1,0.0
2020-12-11,21.0,14.8,84.1,0.0
2020-12-12,21.6,14.6,84.1,0.0
2020-12-13,25.6,15.2,84.1,0.0
2020-12-14,25.4,15.2,85.1,0.0
2020-12-15,25.6,15.0,82.6,0.0
2020-12-16,25.0,15.0,84.5,0.0
2020-12-17,25.4,15.2,85.1,0.0
2020-12-18,24.0,15.6,82.2,0.0
2020-12-19,24.0,15.4,87.7,0.0
2020-12-20,24.6,15.6,88.0,0.0
2020-12-21,23.6,14.6,87.7,0.0
2020-12-22,23.8,14.8,87.5,0.0
2020-12-23,23.6,15.2,87.5,0.1
2020-12-24,23.6,16.0,90.4,0.0
2020-12-25,22.4,16.2,89.2,0.0
2020-12-26,24.0,16.4,82.8,0.0
2020-12-27,24.2,16.2,85.7,0.1
2020-12-28,24.4,16.4,90.7,0.0
2020-12-29,24.4,15.8,85.5,0.1
2020-12-30,26.0,16.0,90.5,0.0
2020-12-31,26.2,16.2,89.0,0.6
2021-01-01,26.2,16.6,91.1,0.0
2021-01-02,26.4,16.6,89.1,0.1
2021-01-03,26.2,15.8,89.6,0.1
2021-01-04,26.6,16.0,91.9,0.1
2021-01-05,26.8,16.2,89.4,0.1
2021-01-06,26.8,16.4,90.4,0.0
2021-01-07,26.2,16.2,89.8,0.0
2021-01-08,26.0,15.8,87.8,0.0
2021-01-09,25.6,15.8,86.0,0.0
2021-01-10,25.8,16.2,88.1,0.0
2021-01-11,25.6,16.0,84.5,0.0
2021-01-12,25.8,16.0,87.1,0.0
2021-01-13,26.8,15.6,85.6,0.0
2021-01-14,26.8,15.8,88.8,0.0
2021-01-15,26.0,16.4,89.4,0.0
2021-01-16,26.2,16.2,87.6,0.0
2021-01-17,26.0,15.6,81.0,0.0
2021-01-18,25.8,16.0,87.9,0.0
2021-01-19,26.0,15.8,89.7,0.0
2021-01-20,25.8,16.4,86.1,0.0
2021-01-21,25.6,15.6,83.0,0.0
2021-01-22,25.8,16.0,83.6,0.0
2021-01-23,25.6,15.2,82.1,0.0
2021-01-24,25.4,15.4,83.2,0.0
2021-01-25,25.4,15.6,85.9,0.0
2021-01-26,25.6,15.8,84.6,0.0
2021-01-27,25.0,15.6,81.4,0.0
2021-01-28,24.8,15.6,85.4,0.0
2021-01-29,24.8,15.4,87.4,0.0
2021-01-30,24.0,15.8,86.1,0.0
2021-01-31,23.8,16.0,85.0,0.0
2021-02-01,24.0,16.2,82.9,0.0
2021-02-02,23.6,16.6,86.3,0.0
2021-02-03,23.6,16.4,86.6,0.0
2021-02-04,23.0,15.4,87.8,0.0
2021-02-05,23.6,15.6,92.4,0.0
2021-02-06,23.8,15.8,88.1,0.0
2021-02-07,24.4,16.2,86.2,0.0
2021-02-08,24.4,17.2,89.7,0.0
2021-02-09,24.4,16.0,86.4,0.0
2021-02-10,24.2,15.4,84.6,0.0
2021-02-11,24.2,15.6,87.4,0.0
2021-02-12,24.4,16.8,86.6,0.0
2021-02-13,24.4,16.0,86.5,0.0
2021-02-14,24.4,16.2,82.7,0.0
2021-02-15,23.8,15.2,85.0,0.0
2021-02-16,23.0,15.2,85.8,0.0
2021-02-17,22.8,14.8,86.6,0.0
2021-02-18,23.0,14.8,86.8,0.0
2021-02-19,23.0,14.4,87.7,0.0
2021-02-20,22.8,14.2,88.0,0.0
2021-02-21,23.0,15.6,83.9,0.0
2021-02-22,23.0,15.6,86.5,1.0
2021-02-23,22.8,15.8,84.0,0.0
2021-02-24,22.8,15.6,86.6,0.0
2021-02-25,23.0,15.8,86.9,0.0
2021-02-26,23.0,16.2,85.3,0.0
2021-02-27,23.6,17.0,86.4,0.0
2021-02-28,23.4,17.2,87.6,0.0
2021-03-01,24.2,17.2,85.8,0.0
2021-03-02,23.8,17.2,88.1,0.0
2021-03-03,25.4,17.4,83.5,0.0
2021-03-04,25.2,17.2,85.7,0.0
2021-03-05,25.4,17.4,86.1,0.0
2021-03-06,25.2,18.2,89.7,0.0
2021-03-07,24.2,16.8,85.9,0.0
2021-03-08,24.4,16.6,88.9,0.0
2021-03-09,24.4,16.8,84.5,0.0
2021-03-10,24.6,17.2,82.6,0.0
2021-03-11,24.8,18.0,89.1,0.0
2021-03-12,24.6,17.0,84.4,0.0
2021-03-13,24.6,16.4,87.2,0.0
2021-03-14,23.4,16.2,84.9,0.1
2021-03-15,23.4,16.2,84.3,0.0
2021-03-16,23.2,15.8,86.4,0.0
2021-03-17,23.4,15.4,89.3,0.0
2021-03-18,22.6,15.6,86.4,0.0
2021-03-19,23.6,16.2,82.9,0.0
2021-03-20,23.4,15.6,88.8,0.0
2021-03-21,23.6,15.4,85.6,0.1
2021-03-22,22.8,15.2,83.3,0.0
2021-03-23,22.0,15.4,82.1,0.0
2021-03-24,22.0,15.8,84.5,0.0
2021-03-25,21.8,15.0,86.1,0.0
2021-03-26,21.8,15.4,86.3,0.0
2021-03-27,22.0,14.6,86.9,0.0
2021-03-28,20.6,14.8,85.7,0.0
2021-03-29,21.6,15.2,86.7,0.0
2021-03-30,21.4,14.8,87.7,0.0
2021-03-31,21.6,14.6,87.8,0.0
2021-04-01,20.8,14.8,87.2,0.0
2021-04-02,21.8,14.8,86.1,0.0
2021-04-03,21.8,15.0,82.3,0.0
2021-04-08,21.2,15.0,83.0,0.0
2021-04-09,20.4,14.8,85.7,0.0
2021-04-10,20.4,14.6,87.1,0.0
2021-04-11,19.8,14.4,82.1,0.0
2021-04-12,19.6,14.0,84.9,0.0
2021-04-13,20.2,13.6,84.8,0.0
2021-04-14,20.2,14.8,82.6,0.0
2021-04-15,21.4,14.4,85.0,0.0
2021-04-16,21.8,14.8,85.2,0.0
2021-04-17,21.6,15.0,83.7,0.0
2021-04-18,22.0,14.2,86.1,0.0
2021-04-19,21.4,14.8,83.2,0.0
2021-04-20,21.4,14.8,88.3,0.0
2021-04-21,21.4,14.8,88.7,0.0
2021-04-22,21.4,14.4,87.7,0.0
2021-04-23,21.2,14.6,87.0,0.0
2021-04-24,21.2,14.8,87.1,0.0
2021-04-25,21.4,14.0,85.1,0.0
2021-04-26,21.2,13.6,83.4,0.0
2021-04-27,21.4,14.0,86.6,0.0
2021-04-28,21.2,14.6,87.3,0.0
2021-04-29,21.2,13.8,88.9,0.0
2021-04-30,21.2,13.8,87.1,0.0
2021-05-01,21.0,13.8,86.3,0.0
2021-05-02,21.2,14.0,86.3,0.0
2021-05-03,21.0,14.2,87.0,0.0
2021-05-04,21.2,13.8,82.1,0.0
2021-05-05,19.4,14.0,85.1,0.0
2021-05-06,20.6,13.4,82.8,0.0
2021-05-07,20.6,13.6,87.8,0.0
2021-05-08,20.2,14.0,84.5,0.0
2021-05-09,20.0,14.0,83.2,0.0
2021-05-10,20.2,14.0,82.6,0.0
2021-05-11,20.0,13.8,91.1,0.0
2021-05-12,20.2,13.8,86.2,0.0
2021-05-13,20.4,13.6,88.2,0.0
2021-05-14,20.6,14.2,88.0,0.0
2021-05-15,21.0,13.2,83.5,0.0
2021-05-16,20.4,13.0,86.1,0.0
2021-05-17,20.4,13.0,88.1,0.0
2021-05-18,20.2,13.2,87.1,0.0
2021-05-19,20.4,13.4,86.2,0.0
2021-05-20,20.0,13.4,83.9,0.0
2021-05-21,19.8,13.8,88.5,0.0
2021-05-22,20.0,13.4,87.5,0.0
2021-05-23,19.8,11.6,84.1,0.0
2021-05-24,19.8,12.4,87.5,0.0
2021-05-25,20.0,13.0,91.0,0.1
2021-05-26,20.0,13.2,87.5,0.0
2021-05-27,20.0,13.8,91.7,0.0
2021-05-28,20.0,14.8,87.7,0.0
2021-05-29,20.0,14.6,87.5,0.0
2021-05-30,19.6,14.4,91.0,0.0
2021-05-31,19.4,14.0,90.2,0.0
2021-06-01,19.8,14.0,88.5,0.0
2021-06-02,20.0,14.4,84.2,0.0
2021-06-03,20.0,14.0,84.2,0.0
2021-06-04,19.6,14.2,82.3,0.0
2021-06-05,18.4,11.4,84.6,0.0
2021-06-06,19.6,11.8,84.5,0.0
2021-06-07,19.6,13.8,85.6,0.0
2021-06-08,18.8,13.8,83.7,0.0
2021-06-09,18.6,12.4,85.5,0.0
2021-06-10,18.0,12.6,88.4,0.0
2021-06-11,17.8,13.6,85.9,0.0
2021-06-12,17.6,14.0,85.2,0.0
2021-06-13,19.4,12.0,83.0,0.0
2021-06-14,17.6,14.0,85.3,0.0
2021-06-15,18.8,14.2,84.3,0.0
2021-06-16,17.8,12.8,87.2,0.0
2021-06-17,17.6,13.2,87.8,0.0
2021-06-18,18.0,13.8,83.6,0.0
2021-06-19,19.2,13.6,87.3,0.1
2021-06-20,17.0,14.6,88.9,0.0
2021-06-21,17.6,14.0,88.4,0.0
2021-06-22,18.2,13.4,91.0,0.0
2021-06-23,18.2,14.6,88.0,0.0
2021-06-24,17.4,13.6,82.9,0.0
2021-06-25,17.8,14.4,82.3,0.0
2021-06-26,17.4,13.8,83.3,0.0
2021-06-27,16.8,12.0,86.2,0.0
2021-06-28,17.6,11.0,84.7,0.0
2021-06-29,16.0,10.2,85.9,0.0
2021-06-30,15.8,10.0,85.9,0.0
2021-07-01,16.4,10.4,87.9,0.0
2021-07-02,16.2,10.2,84.0,0.0
2021-07-03,18.4,10.6,81.3,0.0
2021-07-04,17.4,12.0,84.3,0.0
2021-07-05,17.8,12.8,81.6,0.0
2021-07-06,16.2,13.0,82.9,0.0
2021-07-07,16.4,13.0,85.4,0.0
2021-07-08,16.8,11.4,86.1,0.0
2021-07-09,17.4,10.6,84.2,0.0
2021-07-10,16.4,11.2,84.7,0.0
2021-07-11,17.6,11.4,82.5,0.0
2021-07-12,17.0,12.4,87.5,0.0
2021-07-13,17.0,12.8,88.3,0.0
2021-07-14,17.6,13.0,88.9,0.0
2021-07-15,15.8,13.2,91.9,0.0
2021-07-16,16.0,12.8,87.3,0.0
2021-07-17,17.0,12.8,86.7,0.0
2021-07-18,16.4,12.2,84.7,0.0
2021-07-19,15.8,11.8,90.6,0.0
2021-07-20,16.6,12.0,87.0,0.0
2021-07-21,16.2,11.2,88.7,0.0
2021-07-22,16.8,12.6,84.1,0.0
2021-07-23,17.4,13.0,84.1,0.0
2021-07-24,16.4,13.2,84.2,0.0
2021-07-25,17.6,12.2,88.9,0.0
2021-07-26,16.8,12.6,88.7,0.0
2021-07-27,16.2,13.0,85.4,0.0
2021-07-28,16.2,12.6,84.1,0.0
2021-07-29,16.2,12.8,83.4,0.0
2021-07-30,16.2,12.6,85.3,0.0
2021-07-31,16.6,12.6,87.5,0.0
2021-08-01,16.4,12.4,86.8,0.0
2021-08-02,16.8,12.2,85.6,0.0
2021-08-03,16.2,13.0,88.7,0.0
2021-08-04,16.4,12.8,88.0,0.1
2021-08-05,16.0,12.0,89.9,0.0
2021-08-06,16.2,12.4,86.9,0.0
2021-08-07,18.0,12.8,83.7,0.0
2021-08-08,16.4,13.4,82.3,0.0
2021-08-09,15.8,12.8,87.4,0.0
2021-08-10,16.0,12.6,84.7,0.0
2021-08-11,16.4,12.8,84.7,0.0
2021-08-12,16.6,12.4,82.9,0.0
2021-08-13,16.6,12.8,85.4,0.0
2021-08-14,16.8,12.8,83.6,0.0
2021-08-15,16.8,13.2,80.5,0.0
2021-08-16,16.6,13.0,83.6,0.0
2021-08-17,16.4,12.8,84.7,0.0
2021-08-18,16.0,12.6,84.6,0.0
2021-08-19,16.4,11.8,85.4,0.0
2021-08-20,16.2,12.6,82.1,0.0
2021-08-21,16.4,12.4,82.8,0.0
2021-08-22,16.0,12.2,83.9,0.0
2021-08-23,16.4,12.2,84.0,0.0
2021-08-24,15.4,11.8,89.0,0.0
2021-08-25,15.4,11.6,87.7,0.0
2021-08-26,15.2,11.6,89.6,0.0
2021-08-27,15.4,11.4,86.3,0.0
2021-08-28,15.6,11.4,85.2,0.0
2021-08-29,16.6,10.0,88.5,0.0
2021-08-30,15.6,11.0,86.4,0.0
2021-08-31,16.0,11.0,86.4,0.0
2021-09-01,16.0,11.8,83.4,0.0
2021-09-02,16.2,10.8,82.8,0.0
2021-09-03,16.4,11.2,86.6,0.0
2021-09-04,15.8,11.8,88.4,0.0
2021-09-05,16.8,11.6,90.0,0.0
2021-09-06,16.6,11.8,85.8,0.0
2021-09-07,17.0,11.4,85.8,0.1
2021-09-08,16.2,11.2,87.9,0.0
2021-09-09,16.0,11.0,84.3,0.0
2021-09-10,16.6,11.2,85.8,0.0
2021-09-11,17.0,11.4,80.2,0.0
2021-09-12,16.0,11.6,87.8,0.0
2021-09-13,16.8,11.6,87.9,0.0
2021-09-14,16.2,11.8,86.4,0.0
2021-09-15,16.8,11.4,84.4,0.0
2021-09-16,15.8,11.0,87.0,0.0
2021-09-17,15.4,11.0,87.1,0.0
2021-09-18,16.8,10.0,89.2,0.0
2021-09-19,17.0,10.8,88.6,0.0
2021-09-20,17.8,11.6,86.1,0.0
2021-09-21,16.2,10.8,88.6,0.0
2021-09-22,16.6,11.2,86.6,0.0
2021-09-23,16.8,11.4,86.6,0.0
2021-09-24,16.4,10.8,87.2,0.0
2021-09-25,16.0,11.0,87.9,0.0
2021-09-26,16.6,11.6,85.2,0.0
2021-09-27,17.0,11.2,85.3,0.0
2021-09-28,16.6,11.0,84.8,0.0
2021-09-29,17.2,11.2,84.3,0.0
2021-09-30,17.8,11.2,88.2,0.0
2021-10-01,17.6,11.8,85.7,0.0
2021-10-02,16.6,12.2,85.5,0.0
2021-10-03,15.6,12.0,85.7,0.0
2021-10-04,16.0,11.2,88.0,0.0
2021-10-05,17.0,11.0,86.2,0.0
2021-10-06,17.8,11.2,87.1,0.0
2021-10-07,16.2,11.6,89.9,0.1
2021-10-08,14.8,11.4,95.1,0.1
2021-10-09,15.0,11.4,93.7,0.1
2021-10-10,15.8,11.2,92.4,0.1
2021-10-11,16.4,11.2,90.6,0.0
2021-10-12,16.0,11.4,89.8,0.0
2021-10-13,17.2,14.4,85.9,0.0
2021-10-14,15.4,11.2,91.0,0.0
2021-10-15,16.4,11.0,85.9,0.0
2021-10-16,16.0,11.0,85.9,0.0
2021-10-17,16.4,11.2,89.2,0.0
2021-10-18,17.2,11.2,85.3,0.0
2021-10-19,17.4,11.4,84.9,0.0
2021-10-20,17.0,11.2,85.2,0.0
2021-10-21,17.0,11.2,85.3,0.0
2021-10-22,17.2,10.8,82.2,0.0
2021-10-23,17.4,11.0,85.5,0.0
2021-10-24,18.0,11.4,86.2,0.0
2021-10-25,17.4,11.8,86.8,0.0
2021-10-26,17.8,11.4,85.1,0.0
2021-10-27,18.8,11.0,82.4,0.0
2021-10-28,19.6,11.4,84.9,0.0
2021-10-29,18.4,12.8,86.8,0.0
2021-10-30,19.2,12.8,86.9,0.0
2021-10-31,19.8,12.6,83.2,0.0
2021-11-01,19.4,12.4,82.7,0.0
2021-11-02,18.6,12.8,84.3,0.0
2021-11-03,19.6,12.4,83.7,0.0
2021-11-04,20.0,11.0,81.2,0.0
2021-11-05,20.0,12.2,82.3,0.0
2021-11-06,18.6,12.8,84.3,0.0
2021-11-07,18.2,12.8,84.2,0.0
2021-11-08,19.6,12.0,83.8,0.0
2021-11-09,20.0,11.8,82.2,0.0
2021-11-10,19.4,11.4,84.5,0.0
2021-11-11,20.0,12.8,82.7,0.0
2021-11-12,20.2,12.4,82.0,0.0
2021-11-13,18.8,12.8,85.0,0.0
2021-11-14,20.2,12.6,84.6,0.0
2021-11-15,20.2,12.2,82.1,0.0
2021-11-16,19.6,12.4,84.4,0.0
2021-11-17,19.8,12.2,82.6,0.0
2021-11-18,20.4,12.8,83.3,0.0
2021-11-19,20.0,13.0,84.6,0.0
2021-11-20,19.8,12.4,84.5,0.0
2021-11-21,19.6,12.6,86.6,0.0
2021-11-22,20.2,13.0,82.6,0.0
2021-11-23,20.8,14.4,83.8,0.0
2021-11-24,20.6,13.6,83.1,0.0
2021-11-25,19.2,13.6,84.7,0.0
2021-11-26,21.0,13.2,82.9,0.0
2021-11-27,20.8,13.4,84.8,0.0
2021-11-28,21.2,13.4,83.4,0.0
2021-11-29,21.2,12.4,81.2,0.0
2021-11-30,19.8,12.4,81.7,0.0
2021-12-01,20.8,12.6,82.2,0.0
2021-12-02,21.2,13.2,81.5,0.0
2021-12-03,20.4,13.4,82.5,0.0
2021-12-04,20.2,13.2,84.2,0.0
2021-12-05,20.8,12.8,81.5,0.0
2021-12-06,21.6,13.0,84.7,0.1
2021-12-07,20.8,13.4,84.5,0.0
2021-12-08,21.4,13.0,85.3,0.0
2021-12-09,21.6,13.8,84.9,0.0
2021-12-10,21.2,12.8,84.0,0.1
2021-12-12,19.0,13.4,92.5,0.0
2021-12-13,21.0,13.0,85.8,0.0
2021-12-14,21.0,12.8,84.1,0.0
2021-12-15,21.2,14.0,84.7,0.0
2021-12-16,21.4,13.8,84.1,0.0
2021-12-17,21.2,13.2,84.0,0.0
2021-12-18,19.0,14.0,84.5,0.0
2021-12-19,20.8,12.6,80.2,0.0
2021-12-20,21.4,13.0,82.7,0.0
2021-12-21,22.0,13.4,87.4,0.0
2021-12-22,20.8,15.0,86.3,0.0
2021-12-23,22.6,14.4,78.7,0.0
2021-12-24,23.8,14.8,80.6,0.0
2021-12-25,24.0,15.2,78.4,0.0
2021-12-26,23.6,16.0,80.6,1.8
2021-12-27,23.8,16.8,88.4,0.1
2021-12-28,23.6,16.8,84.8,0.0
2021-12-29,24.0,16.8,84.5,0.0
2021-12-30,23.0,15.6,86.4,0.0
2021-12-31,21.4,14.8,83.5,0.0
2022-01-01,22.4,13.8,84.2,0.0
2022-01-02,22.6,14.2,86.0,0.0
2022-01-03,22.2,14.4,84.0,0.0
2022-01-04,23.4,14.4,84.8,0.0
2022-01-05,23.4,14.8,84.6,0.0
2022-01-06,21.8,15.0,85.5,0.0
2022-01-07,23.2,15.2,83.1,0.0
2022-01-08,24.6,15.6,85.6,0.0
2022-01-09,25.4,15.6,87.0,0.0
2022-01-10,24.8,17.4,83.3,0.0
2022-01-16,24.2,14.6,84.4,0.0
2022-01-17,22.4,15.2,84.6,0.0
2022-01-18,22.6,14.0,82.3,0.0
2022-01-19,20.8,13.4,88.0,0.0
2022-01-20,21.0,13.0,91.0,0.0
2022-01-21,21.8,13.0,84.3,0.0
2022-01-22,22.0,13.8,85.5,0.0
2022-01-23,21.2,13.4,84.2,0.0
2022-01-24,22.2,13.4,85.0,0.0
2022-01-25,21.2,14.0,88.0,0.0
2022-01-26,22.4,14.2,80.0,0.0
2022-01-27,21.8,13.4,86.8,0.0
2022-01-28,22.8,13.2,79.6,0.0
2022-01-29,23.0,13.4,81.4,0.0
2022-01-30,22.0,15.0,82.3,0.0
2022-01-31,23.4,14.8,82.7,0.0
2022-02-01,23.0,14.0,80.1,0.0
2022-02-02,20.6,13.8,85.6,0.0
2022-02-03,21.0,13.4,82.3,0.0
2022-02-04,20.4,13.4,83.1,0.0
2022-02-05,22.2,13.2,80.8,0.0
2022-02-06,22.2,13.2,82.7,0.0
2022-02-07,21.8,13.4,80.7,0.0
2022-02-08,22.2,13.4,82.0,0.0
2022-02-09,22.8,13.6,81.4,0.0
2022-02-10,23.0,14.0,76.1,0.0
2022-02-11,21.0,13.8,80.2,0.0
2022-02-12,21.2,13.8,84.6,0.0
2022-02-13,22.0,13.6,82.8,0.0
2022-02-14,22.2,13.0,83.8,0.0
2022-02-15,21.6,13.4,84.3,0.0
2022-02-16,21.6,13.8,83.2,0.0
2022-02-17,23.0,14.8,83.9,0.0
2022-02-18,23.6,14.0,85.0,0.0
2022-02-19,23.6,14.8,87.8,0.0
2022-02-20,24.0,15.0,82.7,0.0
2022-02-21,23.2,14.6,85.9,0.0
2022-02-22,23.6,15.6,87.4,0.0
2022-02-23,23.4,15.2,87.5,0.0
2022-02-24,22.8,15.0,88.4,0.0
2022-02-25,22.4,14.0,84.4,0.0
2022-02-26,23.2,14.2,86.0,0.1
2022-02-27,21.0,14.4,86.8,0.0
2022-02-28,21.4,14.0,86.9,0.1
2022-03-01,21.4,14.2,84.5,0.0
2022-03-02,22.4,13.4,79.6,0.0
2022-03-03,22.6,14.0,82.1,0.0
2022-03-04,23.6,14.4,84.2,0.0
2022-03-05,24.2,14.8,87.5,0.0
2022-03-06,23.8,15.4,83.2,0.0
2022-03-07,22.0,15.2,87.3,0.0
2022-03-08,22.2,14.6,87.8,0.0
2022-03-09,22.0,14.2,85.9,0.0
2022-03-10,22.2,13.4,86.0,0.0
2022-03-11,21.8,13.4,89.8,0.0
2022-03-12,22.8,13.6,91.2,0.0
2022-03-13,21.2,14.0,84.8,0.0
2022-03-14,22.2,13.6,82.9,0.0
2022-03-15,21.0,13.6,83.4,0.0
2022-03-16,21.2,13.2,83.9,0.0
2022-03-17,21.0,12.4,86.4,0.0
2022-03-18,21.4,13.0,83.3,0.0
2022-03-19,21.2,13.0,82.9,0.0
2022-03-20,20.4,12.8,83.2,0.0
2022-03-21,21.4,13.2,82.5,0.0
2022-03-22,21.6,13.0,84.7,0.0
2022-03-23,21.0,12.8,82.0,0.0
2022-03-24,20.6,12.8,82.0,0.0
2022-03-25,21.6,12.2,82.3,0.0
2022-03-26,20.8,12.4,80.9,0.0
2022-03-27,20.4,12.2,83.9,0.0
2022-03-28,20.8,12.4,83.8,0.0
2022-03-29,20.4,12.6,86.3,0.0
2022-03-30,19.6,12.4,84.7,0.0
2022-03-31,19.2,12.4,82.6,0.0
2022-04-01,21.2,12.2,84.4,0.0
2022-04-02,20.0,12.6,84.8,0.0
2022-04-03,20.2,12.6,85.9,0.0
2022-04-04,20.2,12.8,84.2,0.0
2022-04-05,20.4,13.0,87.2,0.0
2022-04-06,21.4,12.8,85.6,0.0
2022-04-07,22.8,13.2,86.1,0.0
2022-04-08,20.8,13.0,88.0,0.0
2022-04-09,21.6,13.4,84.4,0.0
2022-04-10,19.4,12.6,88.5,0.0
2022-04-11,19.8,12.2,82.2,0.0
2022-04-12,19.8,12.2,83.5,0.0
2022-04-13,20.0,12.0,83.2,0.0
2022-04-14,21.0,11.8,82.6,0.0
2022-04-15,19.4,12.0,88.0,0.0
2022-04-16,19.0,11.8,87.3,0.0
2022-04-17,19.8,11.4,85.1,0.0
2022-04-18,20.8,11.8,86.5,0.0
2022-04-19,19.8,12.0,85.3,0.0
2022-04-20,19.6,12.0,88.3,0.0
2022-04-21,19.2,12.2,85.6,0.0
2022-04-22,20.6,11.8,86.6,0.0
2022-04-23,21.0,12.0,91.5,0.0
2022-04-24,19.4,12.2,89.4,0.0
2022-04-25,18.8,11.8,88.6,0.0
2022-04-26,19.6,12.0,86.7,0.0
2022-04-27,19.8,11.4,88.6,0.0
2022-04-28,18.6,11.4,88.7,0.0
2022-04-29,17.8,10.8,88.4,0.0
2022-04-30,18.8,11.0,86.1,0.0
2022-05-01,19.2,11.0,86.6,0.0
2022-05-02,18.4,11.0,87.9,0.0
2022-05-03,18.8,11.2,86.0,0.0
2022-05-04,19.2,11.0,88.9,0.0
2022-05-05,18.4,11.2,89.2,0.0
2022-05-06,18.0,12.0,90.4,0.0
2022-05-07,17.8,11.8,89.8,0.0
2022-05-08,17.8,11.4,89.7,0.0
2022-05-09,18.0,11.6,87.8,0.0
2022-05-10,18.2,10.0,89.7,0.0
2022-05-11,18.6,10.2,87.8,0.0
2022-05-12,18.8,10.4,89.2,0.0
2022-05-13,18.0,11.0,87.1,0.0
2022-05-14,18.4,10.6,87.9,0.0
2022-05-15,19.2,10.4,84.3,0.0
2022-05-16,18.6,10.0,82.6,0.0
2022-05-17,17.6,10.2,85.7,0.0
2022-05-18,19.6,10.6,82.0,0.0
2022-05-19,17.8,11.2,88.4,0.0
2022-05-20,17.6,11.0,89.0,0.0
2022-05-21,17.4,11.0,89.6,0.0
2022-05-22,17.2,10.8,88.2,0.0
2022-05-23,17.4,10.8,85.7,0.0
2022-05-24,17.4,11.0,87.1,0.0
2022-05-25,16.8,11.2,86.4,0.0
2022-05-26,16.8,10.6,85.7,0.0
2022-05-27,17.4,8.4,87.5,0.0
2022-05-28,17.4,8.8,84.4,0.0
2022-05-29,17.2,9.0,84.3,0.0
2022-05-30,18.0,9.2,84.3,0.0
2022-05-31,18.8,9.6,84.7,0.0
2022-06-01,18.2,10.4,85.0,0.0
2022-06-02,17.2,10.8,91.5,0.0
2022-06-03,17.2,9.6,89.5,0.0
2022-06-04,18.6,10.6,88.4,0.0
2022-06-05,17.8,11.4,90.3,0.0
2022-06-06,16.8,10.8,89.5,0.0
2022-06-07,16.2,9.8,93.9,0.0
2022-06-08,16.2,10.6,88.7,0.0
2022-06-09,16.6,10.8,89.4,0.0
2022-06-10,17.4,9.8,86.8,0.0
2022-06-11,16.4,8.6,88.0,0.0
2022-06-12,16.0,9.4,85.9,0.0
2022-06-13,17.6,10.0,80.8,0.0
2022-06-14,17.6,10.6,83.9,0.0
2022-06-15,18.4,10.0,84.2,0.0
2022-06-16,16.8,9.4,84.8,0.0
2022-06-17,16.4,10.4,84.3,0.0
2022-06-18,17.4,8.4,87.6,0.0
2022-06-19,16.2,8.0,88.8,0.0
2022-06-20,17.2,9.6,83.0,0.0
2022-06-21,16.4,8.4,84.9,0.0
2022-06-22,17.8,8.4,83.7,0.0
2022-06-23,17.2,9.4,83.0,0.0
2022-06-24,17.4,9.8,84.2,0.0
2022-06-25,16.6,8.8,82.8,0.0
2022-06-26,17.8,8.8,85.6,0.0
2022-06-27,16.6,9.0,86.1,0.0
2022-06-28,16.2,10.2,86.1,0.0
2022-06-29,16.6,10.4,86.8,0.0
2022-06-30,16.4,8.6,85.3,0.0
2022-07-01,16.2,9.2,82.8,0.0
2022-07-02,16.8,10.0,79.2,0.0
2022-07-03,16.4,8.8,86.0,0.0
2022-07-04,15.8,9.8,83.9,0.0
2022-07-05,15.8,9.8,84.5,0.0
2022-07-06,16.0,10.0,83.9,0.0
2022-07-07,16.8,8.4,86.0,0.0
2022-07-08,16.2,8.6,84.7,0.0
2022-07-09,16.4,8.8,85.4,0.0
2022-07-10,16.2,9.2,86.0,0.0
2022-07-11,16.0,10.2,86.6,0.0
2022-07-12,16.4,10.2,85.4,0.0
2022-07-13,17.4,10.0,84.8,0.0
2022-07-14,16.0,10.4,81.5,0.0
2022-07-15,16.0,10.0,85.3,0.0
2022-07-16,15.4,10.0,86.3,0.0
2022-07-17,15.6,9.8,87.8,0.0
2022-07-18,15.8,9.6,85.7,0.0
2022-07-19,15.8,9.2,87.0,0.0
2022-07-20,16.8,7.2,88.5,0.0
2022-07-21,16.4,9.2,83.9,0.0
2022-07-22,16.4,9.6,82.7,0.0
2022-07-23,16.6,8.6,86.1,0.0
2022-07-24,16.4,9.2,83.4,0.0
2022-07-25,17.0,9.2,84.8,0.0
2022-07-26,15.8,10.2,88.5,0.0
2022-07-27,15.2,10.2,88.4,0.0
2022-07-28,15.4,10.0,85.8,0.0
2022-07-29,15.2,10.0,87.8,0.0
2022-07-30,15.4,9.8,85.0,0.0
2022-07-31,15.8,9.4,83.9,0.0
2022-08-01,16.8,8.6,82.8,0.0
2022-08-02,16.8,10.2,85.8,0.0
2022-08-03,16.0,9.6,84.0,0.0
2022-08-04,15.8,10.0,85.9,0.0
2022-08-05,15.6,9.8,87.1,0.0
2022-08-06,16.2,10.0,83.4,0.0
2022-08-07,15.2,10.2,85.1,0.0
2022-08-08,15.8,10.0,83.2,0.0
2022-08-09,15.4,8.4,85.0,0.0
2022-08-10,15.8,9.2,85.7,0.0
2022-08-11,16.2,8.8,84.4,0.0
2022-08-12,16.0,9.0,83.3,0.0
2022-08-13,16.2,9.2,81.3,0.0
2022-08-14,16.0,8.6,85.3,0.0
2022-08-15,15.6,9.6,83.9,0.0
2022-08-16,15.0,9.6,87.5,0.0
2022-08-17,15.6,9.8,83.2,0.0
2022-08-18,15.4,9.0,84.4,0.0
2022-08-19,15.4,7.4,85.5,0.0
2022-08-20,15.0,8.2,86.2,0.0
2022-08-21,15.4,8.4,86.9,0.0
2022-08-22,15.6,8.2,81.7,0.0
2022-08-23,15.4,7.8,85.6,0.0
2022-08-24,15.6,8.2,84.5,0.0
2022-08-25,15.6,8.4,81.8,0.0
2022-08-26,16.8,8.2,82.7,0.0
2022-08-27,16.2,8.6,80.2,0.0
2022-08-28,16.2,8.8,82.0,0.0
2022-08-29,16.0,9.6,83.2,0.0
2022-08-30,17.6,9.4,84.2,0.0
2022-08-31,15.4,9.8,86.4,0.0
2022-09-01,16.0,9.8,81.9,0.0
2022-09-02,15.8,9.4,84.4,0.0
2022-09-03,16.2,9.0,83.2,0.0
2022-09-04,15.8,8.0,83.3,0.0
2022-09-05,15.8,8.6,86.4,0.0
2022-09-06,16.2,8.8,84.8,0.0
2022-09-07,17.6,8.6,79.9,0.0
2022-09-08,16.2,9.2,82.0,0.0
2022-09-09,16.4,9.8,82.6,0.0
2022-09-10,16.4,9.2,80.1,0.0
2022-09-11,15.8,9.8,84.5,0.0
2022-09-12,16.0,9.4,85.2,0.0
2022-09-13,15.2,9.0,85.6,0.0
2022-09-14,15.0,9.2,81.6,0.0
2022-09-15,15.4,8.6,84.2,0.0
2022-09-16,15.8,7.6,85.6,0.0
2022-09-17,15.4,8.8,85.6,0.0
2022-09-18,15.0,9.2,86.2,0.0
2022-09-19,15.6,8.4,86.3,0.0
2022-09-20,15.2,8.8,88.3,0.1
2022-09-21,14.6,8.6,90.9,0.0
2022-09-22,15.6,8.6,85.0,0.0
2022-09-23,15.2,8.8,82.2,0.0
2022-09-24,15.2,8.8,82.9,0.0
2022-09-25,15.0,9.0,86.9,0.0
2022-09-26,15.2,9.0,85.6,0.0
2022-09-27,15.4,8.6,82.2,0.0
2022-09-28,15.2,8.6,82.2,0.0
2022-09-29,15.6,8.2,84.2,0.0
2022-09-30,15.4,7.8,84.2,0.0
2022-10-01,15.6,8.0,86.3,0.1
2022-10-02,15.2,8.0,89.7,0.0
2022-10-03,16.4,8.8,85.8,0.0
2022-10-04,16.0,8.8,86.5,0.0
2022-10-05,15.6,9.0,81.1,0.0
2022-10-06,15.8,9.0,82.5,0.0
2022-10-07,16.2,7.4,83.4,0.0
2022-10-08,15.2,8.4,80.7,0.0
2022-10-09,15.8,8.8,83.7,0.0
2022-10-10,16.0,8.6,81.9,0.0
2022-10-11,15.8,8.4,82.5,0.0
2022-10-12,16.8,8.8,81.2,0.0
2022-10-13,16.8,8.6,81.9,0.0
2022-10-14,16.6,9.0,83.3,0.0
2022-10-15,17.4,8.0,82.9,0.0
2022-10-16,17.0,8.6,87.2,0.0
2022-10-17,17.4,9.4,85.5,0.0
2022-10-18,17.8,9.4,84.6,0.0
2022-10-19,17.0,9.4,84.3,0.0
2022-10-20,16.6,9.2,85.5,0.0
2022-10-21,17.0,9.0,83.6,0.0
2022-10-22,17.4,8.6,84.8,0.0
2022-10-23,17.2,8.8,86.2,0.0
2022-10-24,17.6,8.8,86.3,0.0
2022-10-25,17.4,9.2,85.6,0.0
2022-10-26,17.6,9.2,85.6,0.0
2022-10-27,17.8,7.6,84.4,0.0
2022-10-28,17.4,8.8,84.3,0.0
2022-10-29,18.0,9.4,85.1,0.0
2022-10-30,17.6,9.0,83.3,0.0
2022-10-31,18.8,8.4,84.3,0.0
2022-11-01,17.4,8.8,84.4,0.0
2022-11-02,18.0,9.2,85.1,0.0
2022-11-03,18.8,9.0,86.0,0.0
2022-11-04,19.2,10.4,83.1,0.0
2022-11-05,19.2,10.2,83.6,0.0
2022-11-06,17.6,9.4,84.0,0.0
2022-11-07,17.8,9.0,80.9,0.0
2022-11-08,19.0,8.4,83.2,0.0
2022-11-09,19.8,9.2,82.5,0.0
2022-11-10,20.0,9.8,85.4,0.0
2022-11-11,19.0,10.4,84.0,0.0
2022-11-12,19.2,10.4,85.0,0.0
2022-11-13,19.8,10.0,84.1,0.0
2022-11-14,20.0,10.0,82.3,0.0
2022-11-15,19.8,10.2,82.5,0.0
2022-11-16,20.2,10.0,81.8,0.0
2022-11-17,20.2,9.6,84.2,0.0
2022-11-18,19.6,9.8,84.0,0.0
2022-11-19,20.8,9.2,82.8,0.0
2022-11-20,20.4,10.0,79.1,0.0
2022-11-21,20.4,10.0,88.7,0.0
2022-11-22,20.0,10.2,90.3,0.0
2022-11-23,20.8,10.4,87.5,0.0
2022-11-24,20.6,11.2,93.7,0.0
2022-11-25,20.4,10.8,87.9,0.0
2022-11-26,21.0,11.4,84.6,0.1
2022-11-27,21.0,11.8,87.6,0.0
2022-11-28,21.0,11.8,86.9,0.1
2022-11-29,21.6,12.4,87.2,0.0
2022-11-30,21.6,11.2,84.7,0.0
2022-12-01,19.8,11.4,86.6,0.0
2022-12-02,20.4,10.4,84.8,0.0
2022-12-03,19.0,10.6,86.9,0.0
2022-12-04,20.6,10.0,81.9,0.0
2022-12-05,21.2,10.0,83.5,0.0
2022-12-06,21.2,10.6,84.9,0.0
2022-12-07,21.4,10.4,83.5,0.0
2022-12-08,22.2,10.8,84.9,0.0
2022-12-09,21.6,13.2,85.9,0.1
2022-12-10,21.4,12.2,87.0,0.0
2022-12-11,21.8,12.8,86.8,0.0
2022-12-12,23.0,13.2,85.1,0.0
2022-12-13,23.0,13.8,85.9,0.0
2022-12-14,24.0,14.0,85.1,0.0
2022-12-15,22.2,14.2,85.8,0.0
2022-12-16,23.2,13.0,84.9,0.0
2022-12-17,23.8,13.8,84.5,0.0
2022-12-18,23.0,12.2,85.2,0.0
2022-12-19,23.6,12.8,83.4,0.0
2022-12-20,22.8,13.0,86.3,0.0
2022-12-21,23.0,12.2,87.4,0.0
2022-12-22,22.2,12.8,85.6,0.0
2022-12-23,22.2,12.4,85.0,0.0
2022-12-24,23.6,11.8,82.0,0.0
2022-12-25,23.6,11.4,82.6,0.0
2022-12-26,23.8,12.0,83.8,0.0
2022-12-27,24.2,12.6,80.9,0.0
2022-12-28,21.4,12.0,83.0,0.0
2022-12-29,21.6,11.2,86.0,0.0
2022-12-30,21.8,11.6,86.8,0.0
2022-12-31,21.8,11.4,85.0,0.0
2023-01-01,21.0,11.4,84.5,0.0
2023-01-02,21.0,10.6,86.1,0.0
2023-01-03,21.4,10.4,86.5,0.0
2023-01-04,23.0,11.6,83.6,0.0
2023-01-05,23.4,11.8,86.6,0.0
2023-01-06,21.6,12.0,84.3,0.0
2023-01-07,21.2,10.8,87.0,0.0
2023-01-08,21.4,10.8,86.4,0.0
2023-01-09,21.8,10.2,83.2,0.0
2023-01-10,21.6,10.8,83.7,0.0
2023-01-11,22.0,10.8,79.9,0.0
2023-01-12,22.8,11.4,83.0,0.0
2023-01-13,21.4,11.2,81.4,0.0
2023-01-14,22.0,11.4,80.6,0.0
2023-01-15,22.8,12.2,81.4,0.0
2023-01-16,23.6,12.4,80.9,0.0
2023-01-17,22.0,12.6,83.2,0.0
2023-01-18,21.4,11.8,84.2,0.0
2023-01-19,22.0,11.6,85.6,0.0
2023-01-20,22.6,12.6,84.1,0.0
2023-01-21,23.6,11.8,86.1,0.0
2023-01-22,22.8,13.0,85.7,0.0
2023-01-23,23.6,12.4,84.3,0.0
2023-01-24,23.0,12.4,86.5,0.0
2023-01-25,22.8,12.2,87.4,0.0
2023-01-26,23.8,12.2,88.8,0.0
2023-01-27,24.6,12.4,86.9,0.0
2023-01-28,22.6,12.8,85.9,0.1
2023-01-29,21.6,12.8,90.1,0.0
2023-01-30,24.0,13.0,88.8,0.1
2023-01-31,24.6,13.4,87.5,0.0
2023-02-01,24.8,13.6,87.6,0.0
2023-02-02,24.2,14.0,88.3,0.0
2023-02-03,25.4,13.8,83.6,0.0
2023-02-04,25.6,16.0,87.2,0.1
2023-02-05,26.2,15.4,87.4,0.1
2023-02-06,26.4,15.0,85.6,0.0
2023-02-07,24.2,14.6,82.6,0.0
2023-02-08,24.4,14.2,82.9,0.0
2023-02-09,26.0,14.8,86.8,0.0
2023-02-10,25.4,14.0,82.9,0.0
2023-02-11,24.0,14.6,85.6,0.1
2023-02-12,22.6,13.4,89.1,0.0
2023-02-13,25.8,12.4,85.1,0.0
2023-02-14,25.4,14.6,90.3,0.0
2023-02-15,26.0,15.0,87.8,0.0
2023-02-16,24.2,15.0,90.5,0.0
2023-02-17,25.6,14.8,86.5,0.0
2023-02-18,25.6,15.0,88.7,0.0
2023-02-19,25.8,15.2,80.2,0.0
2023-02-20,23.2,14.0,85.2,0.0
2023-02-21,23.2,12.6,82.7,0.0
2023-02-22,21.4,12.4,85.9,0.0
2023-02-23,22.4,10.2,84.2,0.0
2023-02-24,23.0,11.6,86.0,0.0
2023-02-25,21.8,13.0,84.3,0.0
2023-02-26,22.4,12.0,79.1,0.0
2023-02-27,22.6,12.2,87.6,0.0
2023-02-28,22.4,12.0,83.4,0.0
2023-03-01,22.6,12.0,85.4,0.0
2023-03-02,22.2,11.6,84.9,0.0
2023-03-03,23.2,12.4,83.8,0.0
2023-03-04,23.2,12.2,81.3,0.0
2023-03-05,23.8,12.0,81.7,0.0
2023-03-06,24.2,12.8,78.2,0.0
2023-03-07,25.8,14.2,89.2,0.0
2023-03-08,26.0,14.8,87.2,0.1
2023-03-09,26.2,15.6,88.7,0.0
2023-03-10,25.6,14.6,84.0,0.0
2023-03-11,26.2,14.6,81.4,0.0
2023-03-12,22.6,13.4,84.1,0.1
2023-03-13,22.2,12.2,85.4,0.0
2023-03-14,23.2,11.8,84.1,0.0
2023-03-15,21.6,12.0,83.8,0.0
2023-03-16,23.0,12.2,82.9,0.0
2023-03-17,22.4,12.6,84.5,0.0
2023-03-18,23.8,13.2,82.7,0.0
2023-03-19,24.6,13.2,84.1,0.0
2023-03-20,25.0,13.8,87.5,0.0
2023-03-21,24.6,13.6,85.1,0.0
2023-03-22,23.6,13.0,84.4,0.0
2023-03-23,24.8,13.4,85.8,0.0
2023-03-24,25.0,14.0,83.4,0.0
2023-03-25,25.2,14.2,82.5,0.1
2023-03-26,25.0,14.2,84.0,0.0
2023-03-27,25.2,14.0,82.8,0.0
2023-03-28,25.4,13.6,83.9,0.0
2023-03-29,25.2,14.0,86.6,0.0
2023-03-30,25.0,13.4,86.4,0.0
2023-03-31,26.0,13.8,86.0,0.0
2023-04-01,24.6,14.0,88.4,0.0
2023-04-02,25.4,14.2,83.8,0.0
2023-04-03,26.0,15.6,85.7,0.0
2023-04-04,25.0,15.0,83.6,0.0
2023-04-05,24.6,14.0,85.8,0.0
2023-04-06,25.0,13.4,86.3,0.0
2023-04-07,25.4,13.4,85.0,0.0
2023-04-08,25.6,15.4,86.2,0.0
2023-04-09,24.6,14.4,82.7,0.0
2023-04-10,24.2,13.8,81.5,0.0
2023-04-11,24.4,13.2,83.9,0.0
2023-04-12,23.2,13.2,82.4,0.0
2023-04-13,23.8,13.8,82.9,0.0
2023-04-14,25.0,14.0,81.2,0.0
2023-04-15,24.0,13.8,81.1,0.0
2023-04-16,23.6,14.0,80.9,0.0
2023-04-17,23.4,13.0,80.2,0.0
2023-04-18,23.2,12.4,84.1,0.0
2023-04-19,22.8,11.4,82.5,0.0
2023-04-20,23.6,11.8,82.5,0.0
2023-04-21,23.4,13.8,81.3,0.0
2023-04-22,24.0,14.6,86.8,0.0
2023-04-23,23.6,14.0,85.7,0.0
2023-04-24,23.0,13.4,85.0,0.0
2023-04-25,23.6,13.4,84.5,0.0
2023-04-26,23.6,14.0,83.9,0.0
2023-04-27,22.8,14.0,85.8,0.0
2023-04-28,22.6,12.8,84.8,0.0
2023-04-29,22.8,14.0,82.8,0.0
2023-04-30,22.6,13.2,83.6,0.0
2023-05-01,22.4,12.2,80.8,0.0
2023-05-02,22.8,12.0,81.9,0.1
2023-05-03,21.0,12.0,83.7,0.0
2023-05-04,20.4,11.8,83.1,0.0
2023-05-05,20.6,11.4,84.6,0.0
2023-05-06,21.0,11.0,82.9,0.0
2023-05-07,20.2,11.4,86.8,0.0
2023-05-08,19.8,11.6,86.7,0.0
2023-05-09,20.2,11.0,85.0,0.0
2023-05-10,19.8,10.4,87.2,0.0
2023-05-11,21.0,11.0,83.4,0.0
2023-05-12,21.0,10.2,82.9,0.0
2023-05-13,21.4,10.8,84.7,0.0
2023-05-14,21.6,11.0,85.3,0.0
2023-05-15,21.0,12.2,86.4,0.0
2023-05-16,20.8,12.0,85.3,0.0
2023-05-17,21.6,12.0,84.3,0.0
2023-05-18,20.2,12.4,88.0,0.0
2023-05-19,20.0,11.8,88.4,0.0
2023-05-20,19.2,11.4,88.9,0.0
2023-05-21,19.8,11.8,87.9,0.0
2023-05-22,19.6,11.8,86.1,0.0
2023-05-23,20.0,11.6,86.7,0.0
2023-05-24,20.0,10.4,86.7,0.0
2023-05-25,19.6,10.4,87.9,0.0
2023-05-26,19.6,11.8,85.6,0.0
2023-05-27,19.4,12.0,86.6,0.1
2023-05-28,19.6,11.4,88.4,0.0
2023-05-29,20.4,11.6,84.9,0.0
2023-05-30,19.6,11.4,82.5,0.0
2023-05-31,18.8,11.6,82.9,0.0
2023-06-01,19.8,11.2,84.3,0.0
2023-06-02,20.0,11.0,79.2,0.0
2023-06-03,19.4,11.4,84.2,0.0
2023-06-04,20.2,11.6,82.0,0.0
2023-06-05,20.0,12.0,78.7,0.0
2023-06-06,19.8,11.8,78.6,0.0
2023-06-07,20.0,11.8,76.2,0.0
2023-06-08,20.4,11.6,79.5,0.0
2023-06-09,19.8,11.4,82.1,0.0
2023-06-10,20.0,11.0,80.1,0.0
2023-06-11,20.2,11.8,80.0,0.0
2023-06-12,20.2,12.0,78.6,0.0
2023-06-13,19.8,12.0,83.6,0.0
2023-06-14,18.8,11.0,84.6,0.0
2023-06-15,19.0,11.0,82.7,0.0
2023-06-16,20.2,11.2,79.0,0.0
2023-06-17,20.4,9.4,81.8,0.0
2023-06-18,18.6,10.8,83.2,0.0
2023-06-19,19.4,11.0,77.8,0.0
2023-06-20,18.8,11.4,81.7,0.0
2023-06-21,20.6,11.6,78.9,0.0
2023-06-22,20.0,11.8,81.1,0.0
2023-06-23,19.0,10.8,83.4,0.0
2023-06-24,20.4,10.8,75.8,0.0
2023-06-25,19.6,10.4,79.9,0.0
2023-06-26,19.6,10.2,80.3,0.0
2023-06-27,19.4,11.0,76.5,0.0
2023-06-28,19.4,8.9,82.6,0.0
2023-06-29,19.4,10.4,78.1,0.0
2023-06-30,20.0,9.0,78.3,0.0
2023-07-01,20.4,9.2,78.4,0.0
2023-07-02,21.2,10.2,81.7,0.0
2023-07-03,19.4,11.0,86.5,0.0
2023-07-04,20.2,10.6,84.3,0.0
2023-07-05,19.6,11.4,84.9,0.0
2023-07-06,19.2,11.2,81.1,0.0
2023-07-07,18.8,10.8,82.2,0.0
2023-07-08,20.0,11.0,79.0,0.0
2023-07-09,19.4,8.6,80.5,0.0
2023-07-10,20.0,9.6,79.5,0.0
2023-07-11,19.2,9.0,81.7,0.0
2023-07-12,18.4,10.8,85.1,0.0
2023-07-13,18.4,10.6,86.3,0.1
2023-07-14,18.4,10.0,86.9,0.1
2023-07-15,18.2,9.8,84.8,0.0
2023-07-16,18.2,9.6,82.0,0.0
2023-07-17,19.4,9.4,83.4,0.0
2023-07-18,19.0,10.6,83.3,0.0
2023-07-19,18.6,10.4,81.5,0.0
2023-07-20,18.6,10.4,79.6,0.0
2023-07-21,18.2,10.2,80.8,0.0
2023-07-22,18.4,10.6,80.1,0.0
2023-07-23,19.4,10.8,79.3,0.0
2023-07-24,19.0,11.0,80.5,0.0
2023-07-25,18.8,11.0,77.0,0.0
2023-07-26,19.0,10.8,77.5,0.0
2023-07-27,18.8,10.4,79.7,0.0
2023-07-28,18.6,8.6,85.5,0.0
2023-07-29,18.6,9.0,84.4,0.0
2023-07-30,19.2,8.4,82.6,0.0
2023-07-31,19.4,10.2,82.9,0.0
2023-08-01,19.2,9.8,87.1,0.0
2023-08-02,19.6,10.2,83.7,0.0
2023-08-03,19.0,10.0,82.0,0.0
2023-08-04,19.8,10.0,83.0,0.0
2023-08-05,20.2,9.8,83.9,0.0
2023-08-06,20.0,10.8,84.6,0.0
2023-08-07,19.8,10.4,83.3,0.0
2023-08-08,19.6,11.0,84.3,0.0
2023-08-09,20.4,10.8,82.5,0.0
2023-08-10,19.2,11.0,82.9,0.0
2023-08-11,18.2,10.2,86.8,0.1
2023-08-12,19.8,10.0,82.4,0.0
2023-08-13,20.6,10.2,78.6,0.0
2023-08-14,19.8,10.4,77.8,0.0
2023-08-15,19.4,10.8,84.5,0.0
2023-08-16,19.6,10.4,84.2,0.0
2023-08-17,19.2,11.0,78.9,0.0
2023-08-18,18.8,10.4,82.8,0.0
2023-08-19,19.4,10.6,80.5,0.0
2023-08-20,19.0,8.0,81.5,0.0
2023-08-21,18.4,9.2,80.7,0.0
2023-08-22,19.8,9.8,80.1,0.0
2023-08-23,19.4,10.4,76.6,0.0
2023-08-24,19.0,10.6,75.4,0.0
2023-08-25,18.8,10.6,75.7,0.0
2023-08-26,19.6,10.0,80.7,0.0
2023-08-27,19.8,10.4,80.1,0.0
2023-08-28,18.8,10.2,82.7,0.0
2023-08-29,19.2,10.2,80.5,0.0
2023-08-30,19.0,10.4,81.8,0.0
2023-08-31,18.6,10.2,82.8,0.1
2023-09-01,18.8,9.4,84.0,0.0
2023-09-02,19.6,9.6,81.8,0.0
2023-09-03,18.8,9.6,83.3,0.1
2023-09-04,18.8,9.8,83.9,0.0
2023-09-05,19.0,9.6,84.5,0.0
2023-09-06,18.4,9.4,82.5,0.0
2023-09-07,18.2,9.8,80.7,0.0
2023-09-08,19.0,9.4,80.4,0.0
2023-09-09,19.2,9.6,80.2,0.0
2023-09-10,19.2,9.4,83.3,0.0
2023-09-11,19.6,9.6,81.1,0.0
2023-09-12,19.4,9.4,83.9,0.1
2023-09-13,19.4,9.2,84.6,0.0
2023-09-14,18.8,9.0,84.3,0.0
2023-09-15,19.4,8.4,80.8,0.0
2023-09-16,19.8,7.0,82.7,0.0
2023-09-17,19.8,8.6,82.4,0.0
2023-09-18,19.6,8.0,85.1,0.0
2023-09-19,19.8,8.4,84.7,0.0
2023-09-20,20.0,9.6,84.2,0.0
2023-09-21,19.6,9.6,82.5,0.0
2023-09-22,19.0,9.0,84.6,0.0
2023-09-23,18.8,9.2,84.5,0.0
2023-09-24,19.4,9.0,87.0,0.0
2023-09-25,18.8,8.8,84.8,0.0
2023-09-26,18.8,8.6,85.1,0.0
2023-09-27,17.6,8.4,87.7,0.0
2023-09-28,17.8,8.6,87.8,0.0
2023-09-29,18.4,8.8,86.0,0.0
2023-09-30,19.4,8.2,83.3,0.0
2023-10-01,20.0,8.8,85.3,0.1
2023-10-02,18.8,9.2,86.6,0.1
2023-10-03,18.8,9.0,88.7,0.1
2023-10-04,17.6,9.4,91.7,0.0
2023-10-05,19.2,8.6,88.1,0.0
2023-10-06,19.4,7.0,87.8,0.0
2023-10-07,19.0,7.0,86.8,0.0
2023-10-08,18.2,8.8,86.6,0.0
2023-10-09,18.2,8.0,86.7,0.0
2023-10-10,19.0,9.0,85.1,0.0
2023-10-11,17.8,8.8,85.4,0.0
2023-10-12,18.2,8.0,86.7,0.0
2023-10-13,18.6,7.8,85.5,0.0
2023-10-14,19.4,7.6,87.5,0.0
2023-10-15,19.6,8.2,83.5,0.0
2023-10-16,20.8,8.2,84.5,0.0
2023-10-17,21.2,10.0,88.5,0.1
2023-10-18,21.2,9.0,90.3,0.1
2023-10-19,19.8,9.4,91.3,0.0
2023-10-20,19.8,9.6,90.9,0.1
2023-10-21,21.0,9.0,90.3,0.1
2023-10-22,20.6,9.2,89.1,0.1
2023-10-23,19.6,9.0,90.8,0.0
2023-10-24,19.2,8.8,90.6,0.1
2023-10-25,20.2,8.4,85.4,0.0
2023-10-26,20.8,8.8,85.0,0.0
2023-10-27,20.0,9.4,86.5,0.1
2023-10-28,19.2,8.6,89.3,0.0
2023-10-29,21.0,8.8,85.1,0.0
2023-10-30,19.0,8.8,81.7,0.0
2023-10-31,19.0,8.4,88.0,0.0
2023-11-01,19.2,8.0,86.3,0.0
2023-11-02,19.0,8.2,81.1,0.0
2023-11-03,21.0,8.0,82.0,0.0
2023-11-04,21.2,8.2,84.4,0.0
2023-11-05,21.0,9.4,84.2,0.0
2023-11-06,20.6,9.2,83.8,0.0
2023-11-07,21.2,9.6,83.9,0.0
2023-11-08,21.6,9.4,83.0,0.0
2023-11-09,20.6,9.0,85.6,0.1
2023-11-10,20.8,10.0,86.4,0.0
2023-11-11,19.8,9.6,89.5,0.0
2023-11-12,21.2,9.8,87.4,0.0
2023-11-13,19.6,9.2,88.4,0.0
2023-11-14,20.2,9.0,86.0,0.0
2023-11-15,19.6,9.4,81.3,0.0
2023-11-16,19.8,8.6,86.5,0.0
2023-11-17,19.4,8.4,86.3,0.0
2023-11-18,20.2,8.2,85.9,0.0
2023-11-19,20.6,8.2,84.9,0.0
2023-11-20,21.2,8.8,85.6,0.0
2023-11-21,22.0,9.6,85.4,0.0
2023-11-22,19.8,9.2,85.5,0.0
2023-11-23,21.2,8.6,82.2,0.0
2023-11-24,21.4,8.8,81.2,0.0
2023-11-25,22.2,9.2,84.2,0.0
2023-11-26,21.6,9.6,84.8,0.0
2023-11-27,20.6,9.4,84.6,0.0
2023-11-28,22.2,9.0,82.0,0.0
2023-11-29,21.6,9.8,84.2,0.0
2023-11-30,22.2,9.2,82.2,0.0
2023-12-01,20.4,9.2,84.6,0.1
2023-12-02,21.0,8.6,86.3,0.0
2023-12-03,21.4,8.0,83.3,0.0
2023-12-04,22.0,8.8,81.6,0.0
2023-12-05,22.4,9.4,82.8,0.0
2023-12-06,22.4,8.6,85.5,0.0
2023-12-07,22.2,9.0,81.4,0.0
2023-12-08,22.0,9.2,83.3,0.0
2023-12-09,20.6,9.4,86.1,0.0
2023-12-10,22.4,8.8,85.6,0.0
2023-12-11,22.2,9.0,86.1,0.0
2023-12-12,22.2,9.4,84.5,0.0
2023-12-13,22.0,9.4,83.9,0.0
2023-12-14,22.2,10.4,87.2,0.0
2023-12-15,22.8,11.0,85.3,0.1
2023-12-16,22.0,11.0,88.3,0.0
2023-12-17,21.8,10.6,88.9,0.0
2023-12-18,22.6,9.8,88.0,0.0
2023-12-19,22.2,10.2,88.0,0.0
2023-12-20,22.8,9.6,86.3,0.0
2023-12-21,23.4,10.2,87.2,0.0
2023-12-22,22.6,10.0,88.9,0.0
2023-12-23,22.4,10.0,81.3,0.0
2023-12-24,21.6,10.0,86.1,0.0
2023-12-25,23.2,10.0,85.9,0.0
2023-12-26,22.6,10.2,85.1,0.0
2023-12-27,24.2,10.0,84.0,2.0
2023-12-28,23.8,11.2,87.3,0.1
2023-12-29,24.6,11.2,85.3,0.0
2023-12-30,24.4,10.8,87.3,0.0
2023-12-31,22.8,11.2,85.9,0.0
2024-01-01,24.2,10.8,82.5,0.0
2024-01-02,22.4,11.0,87.3,0.0
2024-01-03,23.6,11.2,86.5,0.0
2024-01-04,23.4,10.6,82.8,0.0
2024-01-05,22.0,10.8,86.2,0.0
2024-01-06,23.2,10.0,85.8,0.0
2024-01-07,23.4,10.2,83.8,0.0
2024-01-08,24.2,10.2,83.7,0.0
2024-01-09,23.4,11.2,87.6,0.0
2024-01-10,24.4,11.0,85.1,0.0
2024-01-11,23.4,11.6,84.9,0.0
2024-01-12,24.2,11.0,85.1,0.0
2024-01-13,24.8,11.2,85.7,0.0
2024-01-14,23.8,10.8,88.6,0.0
2024-01-15,22.8,11.2,87.4,0.0
2024-01-16,23.4,11.4,85.9,0.0
2024-01-17,24.8,10.0,84.3,0.0
2024-01-18,23.8,11.4,91.4,0.0
2024-01-19,23.6,11.0,88.7,0.0
2024-01-20,24.6,11.0,87.9,0.0
2024-01-21,25.0,11.6,87.0,0.0
2024-01-22,24.4,11.8,85.9,0.0
2024-01-23,25.6,11.4,87.4,0.0
2024-01-24,24.6,11.2,87.55000000000001,0.0
2024-01-25,23.8,11.0,87.7,0.0
2024-01-26,23.4,11.2,89.9,0.0
2024-01-27,24.6,10.8,88.8,0.0
2024-01-28,24.2,10.6,87.2,0.0
2024-01-29,23.6,10.6,87.2,0.0
2024-01-30,23.4,10.2,87.6,0.0
2024-01-31,23.8,10.6,85.7,0.0
2024-02-01,24.4,11.2,86.3,0.1
2024-02-02,25.2,12.2,85.4,0.0
2024-02-03,24.4,12.6,88.4,0.0
2024-02-04,25.8,11.8,84.6,0.0
2024-02-05,26.6,12.0,85.5,0.0
2024-02-06,26.8,10.2,86.4,0.0
2024-02-07,27.0,10.6,87.1,0.0
2024-02-08,26.6,13.8,85.6,0.0
2024-02-09,26.0,13.8,86.8,0.0
2024-02-10,26.0,12.6,86.3,0.0
2024-02-11,24.6,11.2,87.8,0.0
2024-02-12,24.4,12.0,88.8,0.0
2024-02-13,24.6,11.2,87.8,0.0
2024-02-14,24.2,11.4,84.5,0.0
2024-02-15,23.6,11.0,86.5,0.0
2024-02-16,23.6,11.2,87.7,0.0
2024-02-17,23.8,11.8,86.8,0.0
2024-02-18,24.8,11.6,84.4,0.0
2024-02-19,25.6,12.6,84.1,0.0
2024-02-20,26.4,13.6,84.5,0.0
2024-02-21,26.6,14.2,84.9,0.0
2024-02-22,27.0,14.0,86.9,0.0
2024-02-23,27.4,13.6,88.4,0.0
2024-02-24,24.2,14.0,82.8,0.0
2024-02-25,23.6,12.0,87.0,0.0
2024-02-26,25.0,11.6,85.4,0.0
2024-02-27,24.0,11.0,86.2,0.0
2024-02-28,24.8,10.8,85.9,0.0
2024-02-29,23.6,10.6,84.5,0.0
2024-03-01,24.8,10.8,84.1,0.1
2024-03-02,24.8,11.4,84.1,0.0
2024-03-03,24.6,11.2,86.6,0.0
2024-03-04,23.2,11.0,84.4,0.0
2024-03-05,23.0,9.8,86.0,0.0
2024-03-06,24.8,10.0,84.3,0.0
2024-03-07,23.4,10.2,87.6,0.0
2024-03-08,23.2,10.6,86.8,0.0
2024-03-09,23.0,10.4,82.6,0.0
2024-03-10,22.8,10.0,85.2,0.0
2024-03-11,21.8,10.0,87.1,0.0
2024-03-12,21.8,9.4,85.6,0.0
2024-03-13,21.4,9.6,86.4,0.0
2024-03-14,21.4,7.8,87.1,0.0
2024-03-15,22.6,9.6,85.1,0.0
2024-03-16,23.4,10.2,85.9,0.0
2024-03-17,23.2,9.6,88.4,0.0
2024-03-18,23.8,10.0,87.1,0.0
2024-03-19,23.6,10.6,87.3,0.0
2024-03-20,23.2,11.0,84.4,0.0
2024-03-21,23.8,11.0,85.7,0.0
2024-03-22,25.0,11.2,85.3,0.0
2024-03-23,22.6,10.6,88.5,0.0
2024-03-24,22.6,9.8,88.5,0.0
2024-03-25,24.0,10.0,83.8,0.0
2024-03-26,24.4,11.4,84.2,0.0
2024-03-27,24.8,10.4,87.4,0.0
2024-03-28,24.6,10.6,85.7,0.0
2024-03-29,23.6,10.4,86.5,0.0
2024-03-30,23.6,9.8,85.5,0.0
2024-03-31,22.2,10.2,86.7,0.0
2024-04-01,23.2,10.0,83.7,0.0
2024-04-02,24.0,10.4,79.4,0.0
2024-04-03,24.0,10.8,84.5,0.0
2024-04-04,23.2,10.2,87.5,0.0
2024-04-05,22.8,10.8,81.6,0.0
2024-04-06,23.4,9.8,86.5,0.0
2024-04-07,22.0,9.2,87.8,0.0
2024-04-08,23.8,9.0,88.8,0.0
2024-04-09,22.4,9.4,87.3,0.0
2024-04-10,22.2,9.6,87.3,0.0
2024-04-11,22.8,9.2,84.6,0.0
2024-04-12,22.4,9.4,86.3,0.0
2024-04-13,22.2,9.4,86.2,0.0
2024-04-14,22.8,10.4,91.9,1.2
2024-04-15,20.4,9.4,93.4,0.0
2024-04-16,19.8,9.2,89.0,0.0
2024-04-17,21.2,8.8,83.0,0.0
2024-04-18,21.6,8.6,86.5,0.0
2024-04-19,21.4,9.2,87.1,0.0
2024-04-20,21.2,9.8,85.4,0.0
2024-04-21,21.8,10.0,91.2,0.1
2024-04-22,22.2,9.2,87.4,0.0
2024-04-23,21.8,9.0,84.5,0.0
2024-04-24,20.6,9.4,88.0,0.0
2024-04-25,21.4,8.8,84.7,0.0
2024-04-26,20.6,8.6,87.3,0.0
2024-04-27,20.4,9.4,86.6,0.0
2024-04-28,21.0,9.0,84.9,0.0
2024-04-29,20.8,9.2,85.5,0.0
2024-04-30,20.8,9.8,88.6,0.0
2024-05-01,21.0,10.2,89.2,0.0
2024-05-02,19.8,10.6,93.1,0.0
2024-05-03,18.6,11.0,91.6,0.0
2024-05-04,18.6,11.6,89.2,0.0
2024-05-05,20.2,12.2,86.0,0.0
2024-05-06,20.2,12.6,86.0,0.0
2024-05-07,18.6,12.0,90.5,0.0
2024-05-08,18.6,11.8,88.6,0.0
2024-05-09,19.4,13.0,88.2,0.0
2024-05-10,19.6,12.8,85.2,0.0
2024-05-11,19.4,12.8,84.1,0.0
2024-05-12,18.2,11.4,89.1,0.0
2024-05-13,17.6,11.8,89.0,0.0
2024-05-14,17.8,12.4,87.2,0.0
2024-05-15,18.8,12.6,86.7,0.0
2024-05-16,18.4,13.0,92.3,0.0
2024-05-17,18.6,13.2,88.6,0.0
2024-05-18,17.8,13.6,89.7,0.9
2024-05-19,17.2,12.8,90.2,0.0
2024-05-20,17.6,13.0,87.6,0.0
2024-05-21,18.6,12.8,84.8,0.0
2024-05-22,18.4,13.2,84.8,0.0
2024-05-23,18.2,13.0,85.9,0.0
2024-05-24,18.0,12.6,89.7,0.0
2024-05-25,17.6,13.0,87.7,0.0
2024-05-26,18.2,12.6,84.0,0.0
2024-05-27,17.8,12.2,87.7,0.0
2024-05-28,18.2,11.8,89.6,0.0
2024-05-29,17.4,12.4,89.4,0.0
2024-05-30,17.2,12.6,88.1,0.0
2024-05-31,16.8,12.0,86.1,0.0
2024-06-01,16.8,12.2,88.0,0.0
2024-06-02,19.4,12.4,82.9,0.0
2024-06-03,17.6,12.8,83.2,0.0
2024-06-04,17.6,11.6,84.9,0.0
2024-06-05,18.2,12.8,85.9,0.0
2024-06-06,17.8,12.4,89.0,0.0
2024-06-07,19.8,13.0,85.8,0.0
2024-06-08,18.2,13.6,88.5,0.0
2024-06-09,19.4,14.0,81.5,0.0
2024-06-10,19.6,14.0,82.7,0.0
2024-06-11,18.2,13.2,86.5,0.0
2024-06-12,18.6,13.6,87.8,0.0
2024-06-13,18.6,14.6,84.1,0.0
2024-06-14,17.8,13.4,84.6,0.0
2024-06-15,17.6,12.8,87.0,0.0
2024-06-16,18.4,12.8,88.3,0.0
2024-06-17,17.0,13.0,90.0,0.0
2024-06-18,16.6,13.6,87.4,0.0
2024-06-19,17.0,12.6,83.7,0.0
2024-06-20,17.0,13.4,87.4,0.0
2024-06-21,16.8,13.8,88.1,0.0
2024-06-22,16.8,13.8,86.2,0.0
2024-06-23,16.4,13.4,89.9,0.0
2024-06-24,17.0,13.8,86.8,0.0
2024-06-25,16.8,13.2,87.5,0.0
2024-06-26,16.6,13.0,86.7,0.1
2024-06-27,17.0,12.8,86.8,0.0
2024-06-28,17.2,12.8,88.0,0.0
2024-06-29,16.6,13.0,89.2,0.0
2024-06-30,16.8,12.8,88.6,0.0
2024-07-01,16.6,13.2,88.6,0.0
2024-07-02,17.0,12.8,84.7,0.0
2024-07-03,17.4,13.4,87.0,0.0
2024-07-04,17.4,13.0,85.0,0.0
2024-07-05,17.4,13.0,89.5,0.0
2024-07-06,17.2,14.0,90.1,0.0
2024-07-07,17.0,14.0,86.3,0.0
2024-07-08,16.8,14.0,87.5,0.0
2024-07-09,16.8,14.2,86.4,0.0
2024-07-10,16.4,13.6,88.0,0.0
2024-07-11,16.4,13.2,86.1,0.0
2024-07-12,16.0,12.6,85.3,0.0
2024-07-13,15.8,12.6,85.2,0.0
2024-07-14,16.0,13.4,86.6,0.0
2024-07-15,15.8,13.0,85.8,0.0
2024-07-16,15.6,13.2,85.8,0.0
2024-07-17,16.4,12.4,83.2,0.0
2024-07-18,16.2,11.6,84.6,0.0
2024-07-19,17.0,11.6,86.8,0.0
2024-07-20,17.4,13.6,83.0,0.0
2024-07-21,17.2,13.6,82.5,0.0
2024-07-22,16.6,12.8,85.3,0.0
2024-07-23,16.2,13.0,88.0,0.0
2024-07-24,15.4,13.2,89.1,0.0
2024-07-25,16.8,13.6,85.5,0.0
2024-07-26,16.0,13.6,87.2,0.0
2024-07-27,15.8,13.4,85.8,0.0
2024-07-28,16.2,13.2,86.6,0.0
2024-07-29,16.6,12.2,87.2,0.0
2024-07-30,17.2,12.6,89.4,0.0
2024-07-31,16.8,13.4,88.0,0.0
2024-08-01,17.8,13.0,85.9,0.0
2024-08-02,17.6,14.2,87.0,0.0
2024-08-03,16.8,13.8,86.8,0.0
2024-08-04,17.2,13.6,89.0,0.0
2024-08-05,16.8,12.8,86.1,0.1
2024-08-06,15.6,13.8,88.4,0.0
2024-08-07,15.4,13.6,88.4,0.0
2024-08-08,15.2,13.4,85.7,0.0
2024-08-09,16.4,13.8,86.0,0.0
2024-08-10,15.6,12.8,88.5,0.0
2024-08-11,15.4,12.4,85.6,0.0
2024-08-12,15.6,12.6,86.2,0.0
2024-08-13,16.0,12.8,85.2,0.0
2024-08-14,16.4,13.0,85.2,0.0
2024-08-15,16.2,13.8,85.0,0.0
2024-08-16,16.4,13.0,84.8,0.0
2024-08-17,16.6,13.6,85.4,0.0
2024-08-18,17.2,12.6,83.7,0.0
2024-08-19,16.4,12.8,83.5,0.0
2024-08-20,16.4,13.8,87.3,0.0
2024-08-21,16.0,13.8,87.9,0.1
2024-08-22,15.2,13.4,92.4,0.1
2024-08-23,15.0,12.8,87.6,0.0
2024-08-24,15.2,12.6,87.5,0.0
2024-08-25,15.4,12.4,86.4,0.0
2024-08-26,15.4,12.8,86.9,0.0
2024-08-27,15.6,12.8,83.6,0.0
2024-08-28,17.0,12.8,86.2,0.0
2024-08-29,16.0,13.6,85.6,0.0
2024-08-30,15.4,13.0,87.0,0.0
2024-08-31,15.6,13.0,86.3,0.0
2024-09-01,16.4,12.8,83.4,0.0
2024-09-02,16.0,12.6,84.0,0.0
2024-09-03,15.6,12.4,82.3,0.0
2024-09-04,16.0,12.6,84.4,0.0
2024-09-05,16.4,12.4,85.7,0.0
2024-09-06,16.2,12.0,85.9,0.0
2024-09-07,16.8,12.2,82.8,0.0
2024-09-08,16.4,13.2,87.3,0.0
2024-09-09,17.0,13.6,84.8,0.0
2024-09-10,17.4,13.8,88.2,0.0
2024-09-11,17.0,14.0,83.2,0.0
2024-09-12,17.2,13.2,82.6,0.0
2024-09-13,17.0,13.8,80.7,0.0
2024-09-14,16.6,13.6,85.5,0.0
2024-09-15,16.2,13.4,84.6,0.0
2024-09-16,16.4,13.0,86.0,0.0
2024-09-17,16.4,13.2,86.6,0.0
2024-09-18,17.4,13.0,86.7,0.0
2024-09-19,17.0,13.6,84.3,0.0
2024-09-20,17.4,13.6,86.8,0.0
2024-09-21,17.0,13.6,86.8,0.1
2024-09-22,16.8,13.4,88.1,0.1
2024-09-23,17.4,14.2,88.9,0.0
2024-09-24,17.0,14.0,84.4,0.0
2024-09-25,16.8,14.6,86.8,0.0
2024-09-26,18.0,13.4,83.1,0.0
2024-09-27,17.8,13.8,83.9,0.0
2024-09-28,17.4,13.8,88.8,0.0
2024-09-29,17.4,13.8,87.6,0.1
2024-09-30,16.6,14.0,90.0,0.1
2024-10-01,17.0,14.0,88.1,0.0
2024-10-02,17.6,13.6,85.0,0.0
2024-10-03,17.4,14.0,85.7,0.0
2024-10-04,17.6,14.0,85.1,0.0
2024-10-05,18.6,14.8,86.7,0.0
2024-10-06,19.4,15.0,83.9,0.0
2024-10-07,17.2,15.6,92.9,0.3
2024-10-08,16.8,15.0,93.4,1.0
2024-10-09,16.2,14.8,95.3,0.3
2024-10-10,16.2,14.2,94.6,0.1
2024-10-11,17.6,14.2,87.5,0.0
2024-10-12,18.2,13.8,85.1,0.0
2024-10-13,17.4,14.0,88.8,0.0
2024-10-14,17.6,14.2,87.0,0.0
2024-10-15,19.0,14.6,88.1,0.0
2024-10-16,19.2,16.0,86.3,0.0
2024-10-17,18.6,15.0,86.6,0.0
2024-10-18,18.8,15.0,88.6,0.0
2024-10-19,20.2,14.4,85.0,0.0
2024-10-20,20.4,14.6,83.0,0.0
2024-10-21,20.4,15.4,82.6,0.0
2024-10-22,18.4,15.4,86.7,0.0
2024-10-23,18.4,15.0,87.9,0.0
2024-10-24,18.0,14.6,87.1,0.0
2024-10-25,18.2,14.2,84.6,0.0
2024-10-26,19.2,14.2,83.9,0.0
2024-10-27,19.4,14.0,83.7,0.0
2024-10-28,20.2,14.4,82.9,0.0
2024-10-29,19.8,14.6,82.9,0.0
2024-10-30,18.8,14.6,84.4,0.0
2024-10-31,20.2,15.0,86.6,0.0
2024-11-01,20.0,15.2,84.2,0.0
2024-11-02,20.2,15.6,86.0,0.0
2024-11-03,19.6,15.4,87.0,0.0
2024-11-04,18.8,15.6,86.9,0.0
2024-11-05,19.2,14.8,87.3,0.0
2024-11-06,19.2,14.6,85.6,0.0
2024-11-07,19.6,14.8,86.2,0.0
2024-11-08,19.8,15.4,86.1,0.0
2024-11-09,21.0,14.8,84.3,0.0
2024-11-10,21.2,15.6,85.6,0.0
2024-11-11,20.8,16.0,83.4,0.0
2024-11-12,21.2,15.8,86.2,0.0
2024-11-13,21.4,16.4,83.9,0.0
2024-11-14,21.2,16.0,82.8,0.0
2024-11-15,21.0,16.8,85.7,0.0
2024-11-16,21.6,16.4,85.7,0.0
2024-11-17,21.6,16.8,86.8,0.0
2024-11-18,20.8,16.6,84.5,0.0
2024-11-19,21.4,15.6,85.3,0.0
2024-11-20,22.0,16.4,84.6,0.0
2024-11-21,22.0,17.0,82.8,0.0
2024-11-22,21.4,16.8,84.9,0.0
2024-11-23,20.8,17.4,88.1,0.0
2024-11-24,21.6,16.4,86.8,0.0
2024-11-25,20.4,16.6,88.6,0.1
2024-11-26,20.4,16.6,89.1,0.0
2024-11-27,20.2,16.2,88.4,0.1
2024-11-28,21.0,16.6,89.7,0.1
2024-11-29,21.4,16.4,91.6,0.0
2024-11-30,22.0,16.6,88.7,0.0
2024-12-01,20.0,16.2,89.6,0.0
2024-12-02,21.6,16.2,88.0,0.0
2024-12-03,20.6,16.0,87.2,0.0
2024-12-04,20.4,14.8,89.0,0.0
2024-12-05,20.4,15.2,87.1,0.0
2024-12-06,20.4,15.4,86.1,0.0
2024-12-07,21.2,15.6,86.3,0.0
2024-12-08,20.2,15.6,87.8,0.0
2024-12-09,19.6,15.4,89.2,0.0
2024-12-10,20.6,15.2,88.3,0.0
2024-12-11,20.8,15.4,85.3,0.0
2024-12-12,21.0,15.0,80.5,0.0
2024-12-13,21.4,15.4,82.9,0.0
2024-12-14,21.2,15.6,84.0,0.0
2024-12-15,20.8,15.4,87.7,0.0
2024-12-16,21.6,15.6,86.9,0.0
2024-12-17,20.4,15.8,87.3,0.0
2024-12-18,22.0,15.8,87.2,0.0
2024-12-19,20.6,16.8,87.9,0.0
2024-12-20,20.4,15.6,87.4,0.0
2024-12-21,21.8,15.6,85.8,0.0
2024-12-22,21.2,15.8,85.2,0.0
2024-12-23,22.2,16.0,85.4,0.0
2024-12-24,21.0,16.2,85.2,0.0
2024-12-25,22.4,15.8,83.3,0.0
2024-12-26,22.8,16.2,83.5,0.0
2024-12-27,22.8,16.4,83.8,0.0
2024-12-28,20.8,16.6,85.8,0.0
2024-12-29,22.2,15.8,85.9,0.0
2024-12-30,22.4,16.0,86.6,0.0
2024-12-31,22.2,16.4,89.0,0.9
2025-01-01,22.2,16.8,86.4,1.5
2025-01-02,22.0,16.6,90.1,0.1
2025-01-03,23.2,16.8,85.2,0.1
2025-01-04,22.6,16.8,88.4,0.0
2025-01-05,23.0,17.2,88.6,0.0
2025-01-06,23.0,16.6,84.7,0.0
2025-01-07,22.0,17.8,88.4,0.0
2025-01-08,22.0,18.0,88.2,0.0
2025-01-09,23.0,16.6,87.8,0.0
2025-01-10,23.6,17.0,76.6,0.0
2025-01-11,23.4,17.2,83.1,0.0
2025-01-12,22.6,17.8,86.8,0.0
2025-01-13,23.8,17.4,83.7,0.0
2025-01-14,23.6,18.2,84.9,0.0
2025-01-15,23.4,17.4,89.7,0.0
2025-01-16,24.0,17.8,86.4,0.0
2025-01-17,24.4,18.0,84.7,0.0
2025-01-18,23.2,18.6,88.1,0.0
2025-01-19,22.4,17.8,89.5,0.0
2025-01-20,23.0,17.6,83.7,0.0
2025-01-21,22.6,17.8,87.4,0.0
2025-01-22,22.6,17.8,89.0,0.0
2025-01-23,22.0,17.4,89.7,0.1
2025-01-24,23.0,17.4,89.6,0.0
2025-01-25,23.0,17.8,88.2,0.0
2025-01-26,24.2,17.2,88.0,0.0
2025-01-27,22.8,17.8,89.0,0.0
2025-01-28,23.6,17.8,88.6,0.0
2025-01-29,23.6,18.0,86.5,0.0
2025-01-30,23.4,17.2,85.9,0.0
2025-01-31,24.0,17.2,87.1,0.0
2025-02-01,24.4,17.4,84.6,0.0
2025-02-02,23.8,18.2,84.7,0.0
2025-02-03,25.0,17.4,87.1,0.0
2025-02-04,25.0,17.6,84.4,0.0
2025-02-05,24.8,18.4,81.1,0.0
2025-02-06,24.6,18.6,80.8,0.1
2025-02-07,25.0,18.6,89.5,0.0
2025-02-08,25.2,19.2,87.6,0.0
2025-02-09,25.6,20.0,84.3,0.1
2025-02-10,26.0,21.2,87.3,0.0
2025-02-11,26.4,21.0,85.8,0.0
2025-02-12,26.4,21.0,87.4,0.1
2025-02-13,25.8,20.8,86.2,0.1
2025-02-14,25.4,21.4,89.1,0.0
2025-02-15,26.4,20.4,87.8,0.1
2025-02-16,25.4,20.2,88.7,0.1
2025-02-17,25.6,20.6,88.3,0.0
2025-02-18,24.2,20.2,88.5,0.1
2025-02-19,23.2,19.8,91.5,0.0
2025-02-20,24.6,19.0,84.6,0.0
2025-02-21,23.0,18.6,83.1,0.0
2025-02-22,22.2,17.0,84.9,0.0
2025-02-23,22.6,17.2,82.8,0.0
2025-02-24,23.4,18.2,84.7,0.0
2025-02-25,24.0,19.2,82.3,0.0
2025-02-26,25.6,18.4,82.5,0.0
2025-02-27,25.6,19.2,85.8,0.0
2025-02-28,25.2,19.0,81.1,0.0
2025-03-01,25.0,19.2,80.4,0.0
2025-03-02,24.0,18.2,83.7,0.0
2025-03-03,23.4,17.6,83.2,0.0
2025-03-04,24.0,17.8,84.7,0.0
2025-03-05,24.2,18.0,82.6,0.0
2025-03-06,23.2,17.6,83.9,0.0
2025-03-07,22.8,18.0,84.5,0.0
2025-03-08,23.2,17.6,83.9,0.0
2025-03-09,22.8,17.6,83.0,0.0
2025-03-10,22.6,17.0,86.2,0.0
2025-03-11,25.0,17.6,83.4,0.0
2025-03-12,24.4,18.0,83.5,0.0
2025-03-13,24.0,17.8,83.3,0.0
2025-03-14,23.6,17.6,82.6,0.0
2025-03-15,23.4,17.4,84.4,0.0
2025-03-16,23.0,17.8,83.0,0.0
2025-03-17,22.0,17.6,83.6,0.0
2025-03-18,23.0,17.4,84.7,0.0
2025-03-19,23.0,17.0,83.1,0.0
2025-03-20,22.0,16.4,83.9,0.0
2025-03-21,22.2,17.0,80.8,0.0
2025-03-22,21.2,17.0,84.8,0.0
2025-03-23,22.4,16.8,84.0,0.0
2025-03-24,22.4,17.0,83.3,0.0
2025-03-25,22.8,16.2,84.7,0.0
2025-03-26,22.8,15.8,85.6,0.0
2025-03-27,22.8,16.2,82.5,0.0
2025-03-28,22.0,16.0,83.2,0.0
2025-03-29,22.0,16.0,86.5,0.0
2025-03-30,20.4,17.0,86.3,0.0
2025-03-31,20.4,16.6,86.1,0.0
2025-04-01,21.4,15.6,88.6,0.0
2025-04-02,19.0,15.2,87.5,0.0
2025-04-03,20.6,16.0,84.9,0.0
2025-04-04,23.6,16.2,79.8,0.0
2025-04-05,22.0,16.0,83.6,0.0
2025-04-06,21.4,15.8,83.7,0.0
2025-04-07,21.2,16.0,84.6,0.0
2025-04-08,21.6,16.0,85.9,0.0
2025-04-09,22.0,16.2,85.8,0.0
2025-04-10,22.2,16.2,84.9,0.0
2025-04-11,21.0,16.2,87.1,0.0
2025-04-12,21.4,16.4,85.3,0.0
2025-04-13,21.2,16.6,87.8,0.0
2025-04-14,20.0,16.0,87.1,0.0
2025-04-15,20.6,16.2,86.7,0.0
2025-04-16,20.0,15.2,84.7,0.0
2025-04-17,20.0,15.8,86.5,0.0
2025-04-18,20.2,14.6,86.4,0.0
2025-04-19,19.4,15.2,85.9,0.0
2025-04-20,19.8,15.2,87.5,0.0
2025-04-21,20.2,15.4,86.5,0.0
2025-04-22,21.2,16.4,85.8,0.0
2025-04-23,20.4,16.0,88.4,0.0
2025-04-24,20.6,15.4,85.5,0.0
2025-04-25,19.4,14.4,90.7,0.0
2025-04-26,19.0,15.4,89.4,0.0
2025-04-27,19.6,15.2,87.7,0.0
2025-04-28,20.6,15.2,87.4,0.0
2025-04-29,20.6,15.0,93.6,0.0
2025-04-30,19.2,15.4,90.7,0.0
2025-05-01,19.6,15.8,89.4,0.0
2025-05-02,19.0,15.6,91.8,0.0
2025-05-03,20.2,15.2,86.8,0.0
2025-05-04,19.4,15.8,90.6,0.0
2025-05-05,19.8,15.6,87.0,0.0
2025-05-06,20.0,16.0,88.4,0.0
2025-05-07,19.6,15.8,87.6,0.0
2025-05-08,19.2,15.6,88.1,0.0
2025-05-09,19.6,15.6,86.5,0.0
2025-05-10,19.2,15.8,87.5,0.0
2025-05-11,19.8,15.4,84.2,0.0
2025-05-12,19.6,15.4,87.7,0.0
2025-05-13,19.0,15.4,88.7,0.0
2025-05-14,19.6,16.0,88.8,0.0
2025-05-15,19.4,15.8,90.6,0.0
2025-05-16,19.4,15.8,89.3,0.0
2025-05-17,18.4,16.4,93.7,0.0
2025-05-18,18.4,16.0,89.9,0.0
2025-05-19,18.6,15.0,91.1,0.0
2025-05-20,19.0,15.2,88.7,0.0
2025-05-21,19.0,15.8,89.3,0.0
2025-05-22,19.4,14.8,88.8,0.0
2025-05-23,19.6,16.6,87.2,0.0
2025-05-24,19.4,16.2,87.0,0.0
2025-05-25,18.4,16.0,90.5,0.0
2025-05-26,18.4,16.0,88.1,0.0
2025-05-27,18.2,15.6,88.0,0.1
2025-05-28,19.2,15.6,89.8,0.0
2025-05-29,18.0,15.0,86.5,0.0
2025-05-30,19.4,14.2,87.1,0.0
2025-05-31,18.2,14.2,86.5,0.0
2025-06-01,18.4,13.8,86.6,0.0
2025-06-02,18.8,14.0,90.4,0.0
2025-06-03,18.0,15.2,92.9,0.1
2025-06-04,18.4,15.2,92.3,0.0
2025-06-05,19.0,16.0,88.6,0.0
2025-06-06,18.4,15.8,88.5,0.0
2025-06-07,18.0,16.0,89.1,0.0
2025-06-08,17.8,15.6,89.8,0.0
2025-06-09,18.8,15.6,89.0,0.0
2025-06-10,17.2,14.8,88.9,0.0
2025-06-11,18.2,14.8,91.6,0.0
2025-06-12,18.2,14.6,89.7,0.1
2025-06-13,17.2,15.6,93.5,0.1
2025-06-14,17.6,15.4,87.8,0.0
2025-06-15,18.2,15.8,89.8,0.0
2025-06-16,18.2,15.6,88.7,0.0
2025-06-17,17.4,16.0,89.6,0.0
2025-06-18,16.8,15.6,90.2,0.0
2025-06-19,16.8,15.4,89.6,0.0
2025-06-20,17.0,15.0,89.0,0.0
2025-06-21,17.0,15.2,90.7,0.0
2025-06-22,16.8,15.0,86.3,0.0
2025-06-23,17.4,15.2,83.2,0.0
2025-06-24,17.4,13.0,87.0,0.0
2025-06-25,19.0,14.2,87.3,0.0
2025-06-26,18.0,14.2,87.9,0.0
2025-06-27,17.2,14.6,89.5,0.1
2025-06-28,16.2,14.2,93.9,0.1
2025-06-29,16.2,14.4,90.6,0.0
2025-06-30,16.2,14.2,89.9,0.0
2025-07-01,16.4,15.2,88.1,0.0
2025-07-02,17.6,13.4,82.7,0.0
2025-07-03,18.0,14.4,87.8,0.0
2025-07-04,17.2,14.6,88.2,0.1
2025-07-05,16.8,14.8,93.4,0.1
2025-07-06,16.2,15.4,94.6,0.1
2025-07-07,17.4,15.2,88.3,0.0
2025-07-08,18.0,15.6,87.2,0.0
2025-07-09,17.6,15.6,85.2,0.0
2025-07-10,17.2,16.0,86.5,0.0
2025-07-11,17.6,15.4,85.3,0.0
2025-07-12,17.6,15.4,85.3,0.0
2025-07-13,17.4,13.6,85.1,0.0
2025-07-14,17.4,14.8,84.0,0.0
2025-07-15,17.0,15.6,85.2,0.0
2025-07-16,16.2,15.4,90.1,0.0
2025-07-17,17.4,15.2,87.8,0.0
2025-07-18,16.8,14.6,84.4,0.0
2025-07-19,16.6,13.4,83.0,0.0
2025-07-20,17.0,14.4,83.8,0.0
2025-07-21,17.0,14.2,83.1,0.0
2025-07-22,17.4,14.2,84.4,0.0
2025-07-23,17.4,14.6,82.8,0.0
2025-07-24,17.8,14.8,83.4,0.0
2025-07-25,17.2,15.6,84.6,0.0
2025-07-26,17.6,15.0,84.6,0.0
2025-07-27,17.0,14.4,85.6,0.0
2025-07-28,17.0,15.2,87.0,0.0
2025-07-29,17.8,13.8,87.8,0.0
2025-07-30,18.6,15.0,87.3,0.0
2025-07-31,19.4,15.0,87.6,0.0
2025-08-01,17.2,15.6,88.4,0.0
2025-08-02,17.0,15.8,90.9,0.0
2025-08-03,17.2,15.6,87.1,0.0
2025-08-04,18.0,15.0,82.7,0.0
2025-08-05,17.0,13.8,86.1,0.0
2025-08-06,17.4,13.8,82.5,0.0
2025-08-07,16.4,14.6,86.8,0.0
2025-08-08,17.8,14.8,82.1,0.0
2025-08-09,17.2,15.6,86.6,0.0
2025-08-10,17.0,15.2,85.0,0.0
2025-08-11,17.0,15.2,83.2,0.0
2025-08-12,16.2,14.8,86.1,0.0
2025-08-13,18.0,14.8,83.2,0.0
2025-08-14,18.4,15.0,80.4,0.0
2025-08-15,17.8,15.2,80.9,0.1
2025-08-16,18.2,15.4,85.4,1.0
2025-08-17,18.2,14.6,86.0,0.0
2025-08-18,18.2,14.8,79.7,0.0
2025-08-19,17.2,13.0,82.6,0.0
2025-08-20,17.8,14.8,82.1,0.0
2025-08-21,17.6,14.2,80.8,0.0
2025-08-22,17.0,15.2,83.8,0.0
2025-08-23,16.4,14.8,88.0,0.1
2025-08-24,16.4,14.4,87.2,0.1
2025-08-25,16.0,14.2,83.2,0.0
2025-08-26,16.6,12.0,82.1,0.0
2025-08-27,16.4,13.2,85.2,0.0
2025-08-28,16.2,14.2,87.3,0.0
2025-08-29,16.4,14.0,85.2,0.0
2025-08-30,16.8,14.2,83.0,0.0
2025-08-31,16.4,14.2,84.8,0.0
2025-09-01,16.6,13.6,82.8,0.0
2025-09-02,17.4,13.2,81.1,0.0
2025-09-03,16.4,13.6,84.1,0.0
2025-09-04,17.4,13.8,84.9,0.0
2025-09-05,18.4,12.8,83.8,0.0
2025-09-06,18.2,12.8,83.5,0.0
2025-09-07,17.0,14.2,85.0,0.0
2025-09-08,16.2,14.2,86.7,0.0
2025-09-09,16.0,13.6,85.9,0.0
2025-09-10,16.4,14.2,84.1,0.0
2025-09-11,17.2,13.6,84.3,0.0
2025-09-12,18.4,12.8,82.1,0.0
2025-09-13,18.2,14.2,83.8,0.0
2025-09-14,18.0,14.6,86.1,0.0
2025-09-15,17.0,13.8,82.5,0.0
2025-09-16,18.2,13.0,86.2,0.0
2025-09-17,18.4,13.2,86.3,0.0
2025-09-18,17.8,13.8,85.7,0.0
2025-09-19,17.6,14.2,83.9,0.0
2025-09-20,17.8,14.8,76.6,0.0
2025-09-21,17.6,15.0,81.0,0.0
2025-09-22,17.6,13.6,82.8,0.0
2025-09-23,17.0,14.2,83.2,0.0
2025-09-24,17.6,13.6,84.6,0.0
2025-09-25,18.0,14.2,84.7,0.0
2025-09-26,18.2,15.4,86.3,0.0
2025-09-27,18.0,14.6,85.4,0.0
2025-09-28,18.4,13.8,86.3,0.0
2025-09-29,18.2,13.4,83.2,0.0
2025-09-30,16.8,14.0,83.7,0.0
2025-10-01,17.8,14.0,84.0,0.0
2025-10-02,18.0,14.2,84.5,0.0
2025-10-03,18.4,13.6,82.7,0.0
2025-10-04,19.0,15.2,84.1,0.0
2025-10-05,17.4,14.8,82.7,0.0
2025-10-06,16.6,14.6,85.5,0.0
2025-10-07,17.0,14.4,83.6,0.0
2025-10-08,18.8,14.2,83.5,0.0
2025-10-09,19.0,14.0,83.3,0.0
2025-10-10,17.6,14.0,87.1,0.1
2025-10-11,17.6,14.6,90.3,0.1
2025-10-12,18.0,13.8,89.0,0.0
2025-10-13,19.0,14.2,83.3,0.0
2025-10-14,19.2,14.6,81.6,0.0
2025-10-15,18.6,15.0,84.9,0.0
2025-10-16,19.8,15.2,82.2,0.0
2025-10-17,19.4,15.2,84.0,0.0
2025-10-18,19.6,14.2,82.5,0.0
2025-10-19,19.0,15.4,83.2,0.0
2025-10-20,19.6,14.6,82.2,0.0
2025-10-21,19.6,14.4,81.2,0.0
2025-10-22,19.4,14.2,80.0,0.0
2025-10-23,20.0,14.6,81.9,0.0
2025-10-24,19.8,15.6,86.2,0.0
2025-10-25,19.8,15.2,88.4,0.0
2025-10-26,19.0,15.0,84.6,0.0
2025-10-27,18.0,14.8,88.6,0.0
2025-10-28,18.6,15.0,88.7,0.0
2025-10-29,19.4,15.4,86.2,0.0
2025-10-30,20.0,15.4,83.4,0.0
2025-10-31,20.2,14.6,80.7,0.0
2025-11-01,20.4,15.6,80.6,0.0
2025-11-02,19.0,15.8,82.2,0.0
2025-11-03,20.4,15.4,82.3,0.0
2025-11-04,20.0,14.8,81.8,0.0
2025-11-05,20.0,15.2,90.5,0.0
2025-11-06,19.6,14.4,82.7,0.0
2025-11-07,19.2,14.4,82.1,0.0
2025-11-08,19.4,14.2,82.6,0.0
2025-11-09,19.6,14.4,83.4,0.0
2025-11-10,19.4,14.6,84.5,0.0
2025-11-11,19.8,14.2,80.4,0.0
2025-11-12,19.8,14.6,79.7,0.0
2025-11-13,20.4,14.0,82.9,0.0
2025-11-14,19.8,14.0,82.4,0.0
2025-11-15,20.0,14.6,80.9,0.0
2025-11-16,19.8,14.8,78.5,0.0
2025-11-17,20.0,14.4,80.8,0.0
2025-11-18,20.6,14.4,81.7,0.0
2025-11-19,20.0,14.6,80.2,0.1
2025-11-20,18.2,16.0,89.9,0.1
2025-11-21,19.4,15.6,90.7,0.1
2025-11-22,20.8,16.6,86.1,0.0
2025-11-23,20.6,15.0,79.0,0.0
2025-11-24,20.6,15.4,84.4,0.0
2025-11-25,19.8,15.6,83.7,0.0
2025-11-26,19.8,15.4,83.7,0.0
2025-11-27,19.4,15.4,84.4,0.0
2025-11-28,19.0,14.8,82.3,0.0
2025-11-29,20.4,15.0,82.0,0.0
2025-11-30,19.6,15.0,83.5,0.0
2025-12-01,20.4,15.4,83.7,0.1
2025-12-02,19.0,15.2,90.1,0.0
2025-12-03,21.0,15.8,82.3,0.0
2025-12-04,21.4,16.0,81.2,0.0
2025-12-05,20.0,16.4,80.2,0.0
2025-12-06,21.6,16.8,83.0,0.0
2025-12-07,21.6,16.8,85.1,0.0
2025-12-08,21.4,15.6,81.2,0.0
2025-12-09,21.0,16.8,84.1,0.0
2025-12-10,21.2,15.8,80.2,0.0
2025-12-11,21.2,16.2,87.3,0.0
2025-12-12,22.0,16.0,82.8,0.0
2025-12-13,22.0,15.6,79.7,0.0
2025-12-14,20.8,15.6,83.4,0.0
2025-12-15,21.2,15.8,80.3,0.0
2025-12-16,21.2,15.2,78.2,0.0
2025-12-17,21.8,15.6,82.8,0.0
2025-12-18,21.2,15.8,86.8,0.0
2025-12-19,22.4,16.4,83.4,0.0
2025-12-20,22.0,18.0,86.1,0.0
2025-12-21,21.4,17.4,83.5,0.0
2025-12-22,21.6,17.0,80.8,0.0
2025-12-23,22.2,16.0,78.9,0.0
2025-12-24,22.4,17.0,81.2,0.0
2025-12-25,23.6,17.2,79.9,0.0
2025-12-26,22.8,17.4,82.6,0.0
2025-12-27,23.2,17.4,86.4,0.0
2025-12-28,22.2,17.2,86.1,0.0
2025-12-29,21.6,16.8,84.8,0.0
2025-12-30,21.8,16.2,83.1,0.0
2025-12-31,22.4,16.4,77.9,0.0
2026-01-01,22.8,16.2,80.7,0.0
2026-01-02,22.6,17.2,83.4,0.0
2026-01-03,22.4,16.6,82.6,0.0
2026-01-04,22.6,17.0,82.9,0.0
2026-01-05,23.0,16.8,82.6,0.0
2026-01-06,23.4,17.2,83.8,0.0
2026-01-07,23.2,18.4,84.3,0.0
2026-01-08,23.6,17.0,84.0,0.0
2026-01-09,22.6,17.4,85.3,0.0
2026-01-10,23.0,17.8,84.2,0.0
2026-01-11,23.6,18.0,84.9,0.0
2026-01-12,22.0,17.8,87.2,0.0
2026-01-13,22.8,18.0,88.1,0.1
2026-01-14,22.6,18.2,89.0,0.0
2026-01-15,22.0,17.8,89.5,0.1
2026-01-16,22.8,18.0,90.3,0.0
2026-01-17,23.0,18.4,88.4,0.0
2026-01-18,22.6,16.4,87.5,0.0
2026-01-19,24.0,17.9,86.7,0.0
2026-01-20,24.8,18.9,81.2,0.0
2026-01-21,24.6,19.2,84.7,0.0
2026-01-22,24.9,19.1,89.0,0.0
2026-01-23,24.2,20.0,91.6,0.0
2026-01-24,24.8,18.6,87.8,0.0
2026-01-25,23.6,18.6,90.4,0.0
2026-01-26,24.6,19.0,85.7,0.0
2026-01-27,23.0,18.4,85.2,0.0
2026-01-28,23.0,18.6,90.7,0.0
2026-01-29,23.2,18.0,88.4,0.1
2026-01-30,22.0,18.0,86.3,0.0
2026-01-31,23.0,17.8,84.1,0.0
2026-02-01,24.0,17.8,87.2,0.0
2026-02-02,25.0,19.2,83.8,0.0
2026-02-03,25.0,19.6,82.4,0.0
2026-02-04,23.8,20.0,83.4,0.0
2026-02-05,22.7,19.0,84.7,0.0
2026-02-06,22.8,17.8,84.6,0.0
